id,operations_num,read_ratio,insert_ratio,update_ratio,scan_ratio,delete_ratio,key_path,index_type,throughput,throughput_read,throughput_write,init_table_size,memory_consumption,thread_num,min,50 percentile,90 percentile,99 percentile,99.9 percentile,99.99 percentile,max,avg,seed,scan_num,latency_variance,latency_sample,data_shift,pgm,error_bound,table_size,bli_initial_filled_ratio,bli_sbuck_size,bli_dbuck_size,
20240423073925,100000000,1,0,0,0,0,../datasets/books,buckindex,4972784,0,0,100000000,3,1,0,0,0,0,0,0,0,0,1866,100,0,0,0,0,4,200000000,0.6,4,131072,
20240423074106,100000000,1,0,0,0,0,../datasets/books,alex,5994015,0,0,100000000,2303877080,1,0,0,0,0,0,0,0,0,1866,100,0,0,0,0,64,200000000,
20240423074241,100000000,1,0,0,0,0,../datasets/books,lipp,3180989,0,0,100000000,13596538790,1,0,0,0,0,0,0,0,0,1866,100,0,0,0,0,64,200000000,
20240423074400,100000000,1,0,0,0,0,../datasets/books,pgm,2998239,0,0,100000000,1604855384,1,0,0,0,0,0,0,0,0,1866,100,0,0,0,0,64,200000000,
20240423074559,100000000,1,0,0,0,0,../datasets/books,finedex,1470437,0,0,100000000,0,1,0,0,0,0,0,0,0,0,1866,100,0,0,0,0,64,200000000,
20240423074705,100000000,1,0,0,0,0,../datasets/fb,buckindex,6288244,0,0,100000000,2,1,0,0,0,0,0,0,0,0,1866,100,0,0,0,0,4,200000000,0.6,4,131072,
20240423074956,100000000,1,0,0,0,0,../datasets/fb,alex,1838730,0,0,100000000,2346244120,1,0,0,0,0,0,0,0,0,1866,100,0,0,0,0,64,200000000,
20240423075129,100000000,1,0,0,0,0,../datasets/fb,lipp,3233035,0,0,100000000,13338034478,1,0,0,0,0,0,0,0,0,1866,100,0,0,0,0,64,200000000,
20240423075255,100000000,1,0,0,0,0,../datasets/fb,pgm,2476420,0,0,100000000,1617369664,1,0,0,0,0,0,0,0,0,1866,100,0,0,0,0,64,200000000,
20240423075524,100000000,1,0,0,0,0,../datasets/fb,finedex,1087463,0,0,100000000,0,1,0,0,0,0,0,0,0,0,1866,100,0,0,0,0,64,200000000,
20240423075638,100000000,1,0,0,0,0,../datasets/osm,buckindex,4168345,0,0,100000000,4,1,0,0,0,0,0,0,0,0,1866,100,0,0,0,0,4,200000000,0.6,4,131072,
20240423075912,100000000,1,0,0,0,0,../datasets/osm,alex,2478203,0,0,100000000,2364475672,1,0,0,0,0,0,0,0,0,1866,100,0,0,0,0,64,200000000,
20240423080052,100000000,1,0,0,0,0,../datasets/osm,lipp,2774628,0,0,100000000,17616105448,1,0,0,0,0,0,0,0,0,1866,100,0,0,0,0,64,200000000,
20240423080217,100000000,1,0,0,0,0,../datasets/osm,pgm,2540849,0,0,100000000,1611161824,1,0,0,0,0,0,0,0,0,1866,100,0,0,0,0,64,200000000,
20240423080438,100000000,1,0,0,0,0,../datasets/osm,finedex,1166264,0,0,100000000,0,1,0,0,0,0,0,0,0,0,1866,100,0,0,0,0,64,200000000,
20240423080549,100000000,0.9,0.1,0,0,0,../datasets/books,buckindex,4774202,0,0,100000000,3,1,0,0,0,0,0,0,0,0,1866,100,0,0,0,0,4,200000000,0.6,4,131072,
20240423080732,100000000,0.9,0.1,0,0,0,../datasets/books,alex,5236563,0,0,100000000,2303877080,1,0,0,0,0,0,0,0,0,1866,100,0,0,0,0,64,200000000,
20240423080911,100000000,0.9,0.1,0,0,0,../datasets/books,lipp,2911252,0,0,100000000,14402990184,1,0,0,0,0,0,0,0,0,1866,100,0,0,0,0,64,200000000,
20240423081125,100000000,0.9,0.1,0,0,0,../datasets/books,pgm,1131947,0,0,100000000,1765102816,1,0,0,0,0,0,0,0,0,1866,100,0,0,0,0,64,200000000,
20240423081333,100000000,0.9,0.1,0,0,0,../datasets/books,finedex,1320533,0,0,100000000,0,1,0,0,0,0,0,0,0,0,1866,100,0,0,0,0,64,200000000,
20240423081440,100000000,0.9,0.1,0,0,0,../datasets/fb,buckindex,5853042,0,0,100000000,2,1,0,0,0,0,0,0,0,0,1866,100,0,0,0,0,4,200000000,0.6,4,131072,
20240423081756,100000000,0.9,0.1,0,0,0,../datasets/fb,alex,1262289,0,0,100000000,2506668552,1,0,0,0,0,0,0,0,0,1866,100,0,0,0,0,64,200000000,
20240423081933,100000000,0.9,0.1,0,0,0,../datasets/fb,lipp,2909076,0,0,100000000,14195305814,1,0,0,0,0,0,0,0,0,1866,100,0,0,0,0,64,200000000,
20240423082159,100000000,0.9,0.1,0,0,0,../datasets/fb,pgm,1001181,0,0,100000000,1778662328,1,0,0,0,0,0,0,0,0,1866,100,0,0,0,0,64,200000000,
20240423082437,100000000,0.9,0.1,0,0,0,../datasets/fb,finedex,995671,0,0,100000000,0,1,0,0,0,0,0,0,0,0,1866,100,0,0,0,0,64,200000000,
20240423082553,100000000,0.9,0.1,0,0,0,../datasets/osm,buckindex,3979832,0,0,100000000,4,1,0,0,0,0,0,0,0,0,1866,100,0,0,0,0,4,200000000,0.6,4,131072,
20240423082831,100000000,0.9,0.1,0,0,0,../datasets/osm,alex,2225437,0,0,100000000,2402426952,1,0,0,0,0,0,0,0,0,1866,100,0,0,0,0,64,200000000,
20240423083017,100000000,0.9,0.1,0,0,0,../datasets/osm,lipp,2515889,0,0,100000000,18226110410,1,0,0,0,0,0,0,0,0,1866,100,0,0,0,0,64,200000000,
20240423083248,100000000,0.9,0.1,0,0,0,../datasets/osm,pgm,944775,0,0,100000000,1772193008,1,0,0,0,0,0,0,0,0,1866,100,0,0,0,0,64,200000000,
20240423083518,100000000,0.9,0.1,0,0,0,../datasets/osm,finedex,1070062,0,0,100000000,0,1,0,0,0,0,0,0,0,0,1866,100,0,0,0,0,64,200000000,
20240423083631,100000000,0.8,0.2,0,0,0,../datasets/books,buckindex,4485577,0,0,100000000,3,1,0,0,0,0,0,0,0,0,1866,100,0,0,0,0,4,200000000,0.6,4,131072,
20240423083819,100000000,0.8,0.2,0,0,0,../datasets/books,alex,4129404,0,0,100000000,3071727456,1,0,0,0,0,0,0,0,0,1866,100,0,0,0,0,64,200000000,
20240423084002,100000000,0.8,0.2,0,0,0,../datasets/books,lipp,2689758,0,0,100000000,15198245538,1,0,0,0,0,0,0,0,0,1866,100,0,0,0,0,64,200000000,
20240423084214,100000000,0.8,0.2,0,0,0,../datasets/books,pgm,1159306,0,0,100000000,1926137656,1,0,0,0,0,0,0,0,0,1866,100,0,0,0,0,64,200000000,
20240423084430,100000000,0.8,0.2,0,0,0,../datasets/books,finedex,1196687,0,0,100000000,0,1,0,0,0,0,0,0,0,0,1866,100,0,0,0,0,64,200000000,
20240423084539,100000000,0.8,0.2,0,0,0,../datasets/fb,buckindex,5393261,0,0,100000000,2,1,0,0,0,0,0,0,0,0,1866,100,0,0,0,0,4,200000000,0.6,4,131072,
20240423084902,100000000,0.8,0.2,0,0,0,../datasets/fb,alex,1160113,0,0,100000000,3088994424,1,0,0,0,0,0,0,0,0,1866,100,0,0,0,0,64,200000000,
20240423085045,100000000,0.8,0.2,0,0,0,../datasets/fb,lipp,2596224,0,0,100000000,15011037672,1,0,0,0,0,0,0,0,0,1866,100,0,0,0,0,64,200000000,
20240423085307,100000000,0.8,0.2,0,0,0,../datasets/fb,pgm,1046101,0,0,100000000,1940579216,1,0,0,0,0,0,0,0,0,1866,100,0,0,0,0,64,200000000,
20240423085555,100000000,0.8,0.2,0,0,0,../datasets/fb,finedex,912969,0,0,100000000,0,1,0,0,0,0,0,0,0,0,1866,100,0,0,0,0,64,200000000,
20240423085712,100000000,0.8,0.2,0,0,0,../datasets/osm,buckindex,3814234,0,0,100000000,4,1,0,0,0,0,0,0,0,0,1866,100,0,0,0,0,4,200000000,0.6,4,131072,
20240423085958,100000000,0.8,0.2,0,0,0,../datasets/osm,alex,1890655,0,0,100000000,3115729640,1,0,0,0,0,0,0,0,0,1866,100,0,0,0,0,64,200000000,
20240423090148,100000000,0.8,0.2,0,0,0,../datasets/osm,lipp,2307002,0,0,100000000,18835112384,1,0,0,0,0,0,0,0,0,1866,100,0,0,0,0,64,200000000,
20240423090416,100000000,0.8,0.2,0,0,0,../datasets/osm,pgm,989072,0,0,100000000,1933350728,1,0,0,0,0,0,0,0,0,1866,100,0,0,0,0,64,200000000,
20240423090653,100000000,0.8,0.2,0,0,0,../datasets/osm,finedex,992540,0,0,100000000,0,1,0,0,0,0,0,0,0,0,1866,100,0,0,0,0,64,200000000,
20240423090807,100000000,0.7,0.3,0,0,0,../datasets/books,buckindex,4330313,0,0,100000000,3,1,0,0,0,0,0,0,0,0,1866,100,0,0,0,0,4,200000000,0.6,4,131072,
20240423090958,100000000,0.7,0.3,0,0,0,../datasets/books,alex,3700397,0,0,100000000,3071727456,1,0,0,0,0,0,0,0,0,1866,100,0,0,0,0,64,200000000,
20240423091145,100000000,0.7,0.3,0,0,0,../datasets/books,lipp,2531464,0,0,100000000,15985761748,1,0,0,0,0,0,0,0,0,1866,100,0,0,0,0,64,200000000,
20240423091352,100000000,0.7,0.3,0,0,0,../datasets/books,pgm,1235878,0,0,100000000,2086342768,1,0,0,0,0,0,0,0,0,1866,100,0,0,0,0,64,200000000,
20240423091614,100000000,0.7,0.3,0,0,0,../datasets/books,finedex,1110916,0,0,100000000,0,1,0,0,0,0,0,0,0,0,1866,100,0,0,0,0,64,200000000,
20240423091724,100000000,0.7,0.3,0,0,0,../datasets/fb,buckindex,5062976,0,0,100000000,2,1,0,0,0,0,0,0,0,0,1866,100,0,0,0,0,4,200000000,0.6,4,131072,
20240423092056,100000000,0.7,0.3,0,0,0,../datasets/fb,alex,1060232,0,0,100000000,3137209592,1,0,0,0,0,0,0,0,0,1866,100,0,0,0,0,64,200000000,
20240423092244,100000000,0.7,0.3,0,0,0,../datasets/fb,lipp,2376191,0,0,100000000,15796885550,1,0,0,0,0,0,0,0,0,1866,100,0,0,0,0,64,200000000,
20240423092500,100000000,0.7,0.3,0,0,0,../datasets/fb,pgm,1108646,0,0,100000000,2102340184,1,0,0,0,0,0,0,0,0,1866,100,0,0,0,0,64,200000000,
20240423092757,100000000,0.7,0.3,0,0,0,../datasets/fb,finedex,843903,0,0,100000000,0,1,0,0,0,0,0,0,0,0,1866,100,0,0,0,0,64,200000000,
20240423092916,100000000,0.7,0.3,0,0,0,../datasets/osm,buckindex,3648659,0,0,100000000,4,1,0,0,0,0,0,0,0,0,1866,100,0,0,0,0,4,200000000,0.6,4,131072,
20240423093212,100000000,0.7,0.3,0,0,0,../datasets/osm,alex,1613267,0,0,100000000,3131448008,1,0,0,0,0,0,0,0,0,1866,100,0,0,0,0,64,200000000,
20240423093406,100000000,0.7,0.3,0,0,0,../datasets/osm,lipp,2173371,0,0,100000000,19447817594,1,0,0,0,0,0,0,0,0,1866,100,0,0,0,0,64,200000000,
20240423093628,100000000,0.7,0.3,0,0,0,../datasets/osm,pgm,1045670,0,0,100000000,2094490224,1,0,0,0,0,0,0,0,0,1866,100,0,0,0,0,64,200000000,
20240423093912,100000000,0.7,0.3,0,0,0,../datasets/osm,finedex,923445,0,0,100000000,0,1,0,0,0,0,0,0,0,0,1866,100,0,0,0,0,64,200000000,
20240423094028,100000000,0.6,0.4,0,0,0,../datasets/books,buckindex,4095002,0,0,100000000,3,1,0,0,0,0,0,0,0,0,1866,100,0,0,0,0,4,200000000,0.6,4,131072,
20240423094222,100000000,0.6,0.4,0,0,0,../datasets/books,alex,3364555,0,0,100000000,3071727456,1,0,0,0,0,0,0,0,0,1866,100,0,0,0,0,64,200000000,
20240423094412,100000000,0.6,0.4,0,0,0,../datasets/books,lipp,2375317,0,0,100000000,16767024312,1,0,0,0,0,0,0,0,0,1866,100,0,0,0,0,64,200000000,
20240423094617,100000000,0.6,0.4,0,0,0,../datasets/books,pgm,1289395,0,0,100000000,2247442360,1,0,0,0,0,0,0,0,0,1866,100,0,0,0,0,64,200000000,
20240423094847,100000000,0.6,0.4,0,0,0,../datasets/books,finedex,1020293,0,0,100000000,0,1,0,0,0,0,0,0,0,0,1866,100,0,0,0,0,64,200000000,
20240423094959,100000000,0.6,0.4,0,0,0,../datasets/fb,buckindex,4750805,0,0,100000000,2,1,0,0,0,0,0,0,0,0,1866,100,0,0,0,0,4,200000000,0.6,4,131072,
20240423095333,100000000,0.6,0.4,0,0,0,../datasets/fb,alex,1043715,0,0,100000000,3251412528,1,0,0,0,0,0,0,0,0,1866,100,0,0,0,0,64,200000000,
20240423095526,100000000,0.6,0.4,0,0,0,../datasets/fb,lipp,2167657,0,0,100000000,16562196130,1,0,0,0,0,0,0,0,0,1866,100,0,0,0,0,64,200000000,
20240423095736,100000000,0.6,0.4,0,0,0,../datasets/fb,pgm,1189073,0,0,100000000,2264211336,1,0,0,0,0,0,0,0,0,1866,100,0,0,0,0,64,200000000,
20240423100040,100000000,0.6,0.4,0,0,0,../datasets/fb,finedex,800209,0,0,100000000,0,1,0,0,0,0,0,0,0,0,1866,100,0,0,0,0,64,200000000,
20240423100200,100000000,0.6,0.4,0,0,0,../datasets/osm,buckindex,3546834,0,0,100000000,4,1,0,0,0,0,0,0,0,0,1866,100,0,0,0,0,4,200000000,0.6,4,131072,
20240423100456,100000000,0.6,0.4,0,0,0,../datasets/osm,alex,1623151,0,0,100000000,3159596472,1,0,0,0,0,0,0,0,0,1866,100,0,0,0,0,64,200000000,
20240423100653,100000000,0.6,0.4,0,0,0,../datasets/osm,lipp,2070156,0,0,100000000,20067239656,1,0,0,0,0,0,0,0,0,1866,100,0,0,0,0,64,200000000,
20240423100908,100000000,0.6,0.4,0,0,0,../datasets/osm,pgm,1126723,0,0,100000000,2255680144,1,0,0,0,0,0,0,0,0,1866,100,0,0,0,0,64,200000000,
20240423101158,100000000,0.6,0.4,0,0,0,../datasets/osm,finedex,873271,0,0,100000000,0,1,0,0,0,0,0,0,0,0,1866,100,0,0,0,0,64,200000000,
20240423101316,100000000,0.5,0.5,0,0,0,../datasets/books,buckindex,3915843,0,0,100000000,3,1,0,0,0,0,0,0,0,0,1866,100,0,0,0,0,4,200000000,0.6,4,131072,
20240423101513,100000000,0.5,0.5,0,0,0,../datasets/books,alex,3025315,0,0,100000000,3072648992,1,0,0,0,0,0,0,0,0,1866,100,0,0,0,0,64,200000000,
20240423101709,100000000,0.5,0.5,0,0,0,../datasets/books,lipp,2182122,0,0,100000000,17541524052,1,0,0,0,0,0,0,0,0,1866,100,0,0,0,0,64,200000000,
20240423101905,100000000,0.5,0.5,0,0,0,../datasets/books,pgm,1425660,0,0,100000000,2407611840,1,0,0,0,0,0,0,0,0,1866,100,0,0,0,0,64,200000000,
20240423102143,100000000,0.5,0.5,0,0,0,../datasets/books,finedex,952339,0,0,100000000,0,1,0,0,0,0,0,0,0,0,1866,100,0,0,0,0,64,200000000,
20240423102257,100000000,0.5,0.5,0,0,0,../datasets/fb,buckindex,4461562,0,0,100000000,2,1,0,0,0,0,0,0,0,0,1866,100,0,0,0,0,4,200000000,0.6,4,131072,
20240423102636,100000000,0.5,0.5,0,0,0,../datasets/fb,alex,987949,0,0,100000000,3529830440,1,0,0,0,0,0,0,0,0,1866,100,0,0,0,0,64,200000000,
20240423102834,100000000,0.5,0.5,0,0,0,../datasets/fb,lipp,2013385,0,0,100000000,17312783066,1,0,0,0,0,0,0,0,0,1866,100,0,0,0,0,64,200000000,
20240423103039,100000000,0.5,0.5,0,0,0,../datasets/fb,pgm,1281015,0,0,100000000,2425666584,1,0,0,0,0,0,0,0,0,1866,100,0,0,0,0,64,200000000,
20240423103350,100000000,0.5,0.5,0,0,0,../datasets/fb,finedex,754553,0,0,100000000,0,1,0,0,0,0,0,0,0,0,1866,100,0,0,0,0,64,200000000,
20240423103511,100000000,0.5,0.5,0,0,0,../datasets/osm,buckindex,3390814,0,0,100000000,4,1,0,0,0,0,0,0,0,0,1866,100,0,0,0,0,4,200000000,0.6,4,131072,
20240423103813,100000000,0.5,0.5,0,0,0,../datasets/osm,alex,1486737,0,0,100000000,3398258176,1,0,0,0,0,0,0,0,0,1866,100,0,0,0,0,64,200000000,
20240423104017,100000000,0.5,0.5,0,0,0,../datasets/osm,lipp,1834526,0,0,100000000,20695086950,1,0,0,0,0,0,0,0,0,1866,100,0,0,0,0,64,200000000,
20240423104225,100000000,0.5,0.5,0,0,0,../datasets/osm,pgm,1242767,0,0,100000000,2416570000,1,0,0,0,0,0,0,0,0,1866,100,0,0,0,0,64,200000000,
20240423104525,100000000,0.5,0.5,0,0,0,../datasets/osm,finedex,805814,0,0,100000000,0,1,0,0,0,0,0,0,0,0,1866,100,0,0,0,0,64,200000000,
20240423104642,100000000,0.4,0.6,0,0,0,../datasets/books,buckindex,3824206,0,0,100000000,3,1,0,0,0,0,0,0,0,0,1866,100,0,0,0,0,4,200000000,0.6,4,131072,
20240423104846,100000000,0.4,0.6,0,0,0,../datasets/books,alex,2522925,0,0,100000000,4095542064,1,0,0,0,0,0,0,0,0,1866,100,0,0,0,0,64,200000000,
20240423105043,100000000,0.4,0.6,0,0,0,../datasets/books,lipp,2154346,0,0,100000000,18311162532,1,0,0,0,0,0,0,0,0,1866,100,0,0,0,0,64,200000000,
20240423105236,100000000,0.4,0.6,0,0,0,../datasets/books,pgm,1501087,0,0,100000000,2568727616,1,0,0,0,0,0,0,0,0,1866,100,0,0,0,0,64,200000000,
20240423105519,100000000,0.4,0.6,0,0,0,../datasets/books,finedex,906686,0,0,100000000,0,1,0,0,0,0,0,0,0,0,1866,100,0,0,0,0,64,200000000,
20240423105634,100000000,0.4,0.6,0,0,0,../datasets/fb,buckindex,4256165,0,0,100000000,2,1,0,0,0,0,0,0,0,0,1866,100,0,0,0,0,4,200000000,0.6,4,131072,
20240423110018,100000000,0.4,0.6,0,0,0,../datasets/fb,alex,937648,0,0,100000000,4061881896,1,0,0,0,0,0,0,0,0,1866,100,0,0,0,0,64,200000000,
20240423110219,100000000,0.4,0.6,0,0,0,../datasets/fb,lipp,1908538,0,0,100000000,18051741458,1,0,0,0,0,0,0,0,0,1866,100,0,0,0,0,64,200000000,
20240423110417,100000000,0.4,0.6,0,0,0,../datasets/fb,pgm,1408835,0,0,100000000,2587525488,1,0,0,0,0,0,0,0,0,1866,100,0,0,0,0,64,200000000,
20240423110737,100000000,0.4,0.6,0,0,0,../datasets/fb,finedex,707771,0,0,100000000,0,1,0,0,0,0,0,0,0,0,1866,100,0,0,0,0,64,200000000,
20240423110859,100000000,0.4,0.6,0,0,0,../datasets/osm,buckindex,3272397,0,0,100000000,4,1,0,0,0,0,0,0,0,0,1866,100,0,0,0,0,4,200000000,0.6,4,131072,
20240423111206,100000000,0.4,0.6,0,0,0,../datasets/osm,alex,1375039,0,0,100000000,4100001904,1,0,0,0,0,0,0,0,0,1866,100,0,0,0,0,64,200000000,
20240423111410,100000000,0.4,0.6,0,0,0,../datasets/osm,lipp,1841784,0,0,100000000,21336845788,1,0,0,0,0,0,0,0,0,1866,100,0,0,0,0,64,200000000,
20240423111611,100000000,0.4,0.6,0,0,0,../datasets/osm,pgm,1352663,0,0,100000000,2577759960,1,0,0,0,0,0,0,0,0,1866,100,0,0,0,0,64,200000000,
20240423111919,100000000,0.4,0.6,0,0,0,../datasets/osm,finedex,759545,0,0,100000000,0,1,0,0,0,0,0,0,0,0,1866,100,0,0,0,0,64,200000000,
20240423112052,100000000,0.3,0.7,0,0,0,../datasets/books,buckindex,2406682,0,0,100000000,5,1,0,0,0,0,0,0,0,0,1866,100,0,0,0,0,4,200000000,0.6,4,131072,
20240423112259,100000000,0.3,0.7,0,0,0,../datasets/books,alex,2335518,0,0,100000000,4095548808,1,0,0,0,0,0,0,0,0,1866,100,0,0,0,0,64,200000000,
20240423112501,100000000,0.3,0.7,0,0,0,../datasets/books,lipp,2010909,0,0,100000000,19076321692,1,0,0,0,0,0,0,0,0,1866,100,0,0,0,0,64,200000000,
20240423112646,100000000,0.3,0.7,0,0,0,../datasets/books,pgm,1698832,0,0,100000000,2728996216,1,0,0,0,0,0,0,0,0,1866,100,0,0,0,0,64,200000000,
20240423112938,100000000,0.3,0.7,0,0,0,../datasets/books,finedex,840407,0,0,100000000,0,1,0,0,0,0,0,0,0,0,1866,100,0,0,0,0,64,200000000,
20240423113108,100000000,0.3,0.7,0,0,0,../datasets/fb,buckindex,2563886,0,0,100000000,5,1,0,0,0,0,0,0,0,0,1866,100,0,0,0,0,4,200000000,0.6,4,131072,
20240423113457,100000000,0.3,0.7,0,0,0,../datasets/fb,alex,888319,0,0,100000000,4158400048,1,0,0,0,0,0,0,0,0,1866,100,0,0,0,0,64,200000000,
20240423113704,100000000,0.3,0.7,0,0,0,../datasets/fb,lipp,1754230,0,0,100000000,18782985960,1,0,0,0,0,0,0,0,0,1866,100,0,0,0,0,64,200000000,
20240423113854,100000000,0.3,0.7,0,0,0,../datasets/fb,pgm,1584424,0,0,100000000,2749207080,1,0,0,0,0,0,0,0,0,1866,100,0,0,0,0,64,200000000,
20240423114221,100000000,0.3,0.7,0,0,0,../datasets/fb,finedex,672791,0,0,100000000,0,1,0,0,0,0,0,0,0,0,1866,100,0,0,0,0,64,200000000,
20240423114358,100000000,0.3,0.7,0,0,0,../datasets/osm,buckindex,2182596,0,0,100000000,7,1,0,0,0,0,0,0,0,0,1866,100,0,0,0,0,4,200000000,0.6,4,131072,
20240423114710,100000000,0.3,0.7,0,0,0,../datasets/osm,alex,1284864,0,0,100000000,4149350536,1,0,0,0,0,0,0,0,0,1866,100,0,0,0,0,64,200000000,
20240423114919,100000000,0.3,0.7,0,0,0,../datasets/osm,lipp,1729544,0,0,100000000,22017001058,1,0,0,0,0,0,0,0,0,1866,100,0,0,0,0,64,200000000,
20240423115110,100000000,0.3,0.7,0,0,0,../datasets/osm,pgm,1536109,0,0,100000000,2738943632,1,0,0,0,0,0,0,0,0,1866,100,0,0,0,0,64,200000000,
20240423115427,100000000,0.3,0.7,0,0,0,../datasets/osm,finedex,714290,0,0,100000000,0,1,0,0,0,0,0,0,0,0,1866,100,0,0,0,0,64,200000000,
20240423115601,100000000,0.2,0.8,0,0,0,../datasets/books,buckindex,2304482,0,0,100000000,5,1,0,0,0,0,0,0,0,0,1866,100,0,0,0,0,4,200000000,0.6,4,131072,
20240423115811,100000000,0.2,0.8,0,0,0,../datasets/books,alex,2182317,0,0,100000000,4095548808,1,0,0,0,0,0,0,0,0,1866,100,0,0,0,0,64,200000000,
20240423120015,100000000,0.2,0.8,0,0,0,../datasets/books,lipp,1934351,0,0,100000000,19836716094,1,0,0,0,0,0,0,0,0,1866,100,0,0,0,0,64,200000000,
20240423120153,100000000,0.2,0.8,0,0,0,../datasets/books,pgm,1925835,0,0,100000000,2889161504,1,0,0,0,0,0,0,0,0,1866,100,0,0,0,0,64,200000000,
20240423120453,100000000,0.2,0.8,0,0,0,../datasets/books,finedex,786648,0,0,100000000,0,1,0,0,0,0,0,0,0,0,1866,100,0,0,0,0,64,200000000,
20240423120625,100000000,0.2,0.8,0,0,0,../datasets/fb,buckindex,2397457,0,0,100000000,5,1,0,0,0,0,0,0,0,0,1866,100,0,0,0,0,4,200000000,0.6,4,131072,
20240423121019,100000000,0.2,0.8,0,0,0,../datasets/fb,alex,857731,0,0,100000000,4267747320,1,0,0,0,0,0,0,0,0,1866,100,0,0,0,0,64,200000000,
20240423121230,100000000,0.2,0.8,0,0,0,../datasets/fb,lipp,1650142,0,0,100000000,19510001966,1,0,0,0,0,0,0,0,0,1866,100,0,0,0,0,64,200000000,
20240423121412,100000000,0.2,0.8,0,0,0,../datasets/fb,pgm,1816393,0,0,100000000,2910926488,1,0,0,0,0,0,0,0,0,1866,100,0,0,0,0,64,200000000,
20240423121746,100000000,0.2,0.8,0,0,0,../datasets/fb,finedex,639858,0,0,100000000,0,1,0,0,0,0,0,0,0,0,1866,100,0,0,0,0,64,200000000,
20240423121926,100000000,0.2,0.8,0,0,0,../datasets/osm,buckindex,2069317,0,0,100000000,7,1,0,0,0,0,0,0,0,0,1866,100,0,0,0,0,4,200000000,0.6,4,131072,
20240423122242,100000000,0.2,0.8,0,0,0,../datasets/osm,alex,1231006,0,0,100000000,4177973984,1,0,0,0,0,0,0,0,0,1866,100,0,0,0,0,64,200000000,
20240423122454,100000000,0.2,0.8,0,0,0,../datasets/osm,lipp,1631159,0,0,100000000,22798069914,1,0,0,0,0,0,0,0,0,1866,100,0,0,0,0,64,200000000,
20240423122637,100000000,0.2,0.8,0,0,0,../datasets/osm,pgm,1775036,0,0,100000000,2900042248,1,0,0,0,0,0,0,0,0,1866,100,0,0,0,0,64,200000000,
20240423123000,100000000,0.2,0.8,0,0,0,../datasets/osm,finedex,678326,0,0,100000000,0,1,0,0,0,0,0,0,0,0,1866,100,0,0,0,0,64,200000000,
20240423123138,100000000,0.1,0.9,0,0,0,../datasets/books,buckindex,2179837,0,0,100000000,5,1,0,0,0,0,0,0,0,0,1866,100,0,0,0,0,4,200000000,0.6,4,131072,
20240423123351,100000000,0.1,0.9,0,0,0,../datasets/books,alex,2041125,0,0,100000000,4095630880,1,0,0,0,0,0,0,0,0,1866,100,0,0,0,0,64,200000000,
20240423123559,100000000,0.1,0.9,0,0,0,../datasets/books,lipp,1831381,0,0,100000000,20593710326,1,0,0,0,0,0,0,0,0,1866,100,0,0,0,0,64,200000000,
20240423123729,100000000,0.1,0.9,0,0,0,../datasets/books,pgm,2257669,0,0,100000000,3049558056,1,0,0,0,0,0,0,0,0,1866,100,0,0,0,0,64,200000000,
20240423124036,100000000,0.1,0.9,0,0,0,../datasets/books,finedex,743918,0,0,100000000,0,1,0,0,0,0,0,0,0,0,1866,100,0,0,0,0,64,200000000,
20240423124210,100000000,0.1,0.9,0,0,0,../datasets/fb,buckindex,2271603,0,0,100000000,5,1,0,0,0,0,0,0,0,0,1866,100,0,0,0,0,4,200000000,0.6,4,131072,
20240423124609,100000000,0.1,0.9,0,0,0,../datasets/fb,alex,823782,0,0,100000000,4409704048,1,0,0,0,0,0,0,0,0,1866,100,0,0,0,0,64,200000000,
20240423124824,100000000,0.1,0.9,0,0,0,../datasets/fb,lipp,1559441,0,0,100000000,20234941122,1,0,0,0,0,0,0,0,0,1866,100,0,0,0,0,64,200000000,
20240423124957,100000000,0.1,0.9,0,0,0,../datasets/fb,pgm,2148556,0,0,100000000,3072369848,1,0,0,0,0,0,0,0,0,1866,100,0,0,0,0,64,200000000,
20240423125340,100000000,0.1,0.9,0,0,0,../datasets/fb,finedex,607610,0,0,100000000,0,1,0,0,0,0,0,0,0,0,1866,100,0,0,0,0,64,200000000,
20240423125522,100000000,0.1,0.9,0,0,0,../datasets/osm,buckindex,1975307,0,0,100000000,7,1,0,0,0,0,0,0,0,0,1866,100,0,0,0,0,4,200000000,0.6,4,131072,
20240423125842,100000000,0.1,0.9,0,0,0,../datasets/osm,alex,1164832,0,0,100000000,4241088944,1,0,0,0,0,0,0,0,0,1866,100,0,0,0,0,64,200000000,
20240423130101,100000000,0.1,0.9,0,0,0,../datasets/osm,lipp,1489780,0,0,100000000,23827950828,1,0,0,0,0,0,0,0,0,1866,100,0,0,0,0,64,200000000,
20240423130234,100000000,0.1,0.9,0,0,0,../datasets/osm,pgm,2127585,0,0,100000000,3060950136,1,0,0,0,0,0,0,0,0,1866,100,0,0,0,0,64,200000000,
20240423130606,100000000,0.1,0.9,0,0,0,../datasets/osm,finedex,642367,0,0,100000000,0,1,0,0,0,0,0,0,0,0,1866,100,0,0,0,0,64,200000000,
20240423130744,100000000,0,1,0,0,0,../datasets/books,buckindex,2095965,0,0,100000000,5,1,0,0,0,0,0,0,0,0,1866,100,0,0,0,0,4,200000000,0.6,4,131072,
20240423131001,100000000,0,1,0,0,0,../datasets/books,alex,1900750,0,0,100000000,4097353624,1,0,0,0,0,0,0,0,0,1866,100,0,0,0,0,64,200000000,
20240423131211,100000000,0,1,0,0,0,../datasets/books,lipp,1761150,0,0,100000000,21347296930,1,0,0,0,0,0,0,0,0,1866,100,0,0,0,0,64,200000000,
20240423131331,100000000,0,1,0,0,0,../datasets/books,pgm,2923158,0,0,100000000,3209875792,1,0,0,0,0,0,0,0,0,1866,100,0,0,0,0,64,200000000,
20240423131641,100000000,0,1,0,0,0,../datasets/books,finedex,721049,0,0,100000000,0,1,0,0,0,0,0,0,0,0,1866,100,0,0,0,0,64,200000000,
20240423131818,100000000,0,1,0,0,0,../datasets/fb,buckindex,2168262,0,0,100000000,5,1,0,0,0,0,0,0,0,0,1866,100,0,0,0,0,4,200000000,0.6,4,131072,
20240423132220,100000000,0,1,0,0,0,../datasets/fb,alex,798012,0,0,100000000,4756796456,1,0,0,0,0,0,0,0,0,1866,100,0,0,0,0,64,200000000,
20240423132440,100000000,0,1,0,0,0,../datasets/fb,lipp,1467068,0,0,100000000,20960249462,1,0,0,0,0,0,0,0,0,1866,100,0,0,0,0,64,200000000,
20240423132601,100000000,0,1,0,0,0,../datasets/fb,pgm,2836304,0,0,100000000,3234286864,1,0,0,0,0,0,0,0,0,1866,100,0,0,0,0,64,200000000,
20240423132950,100000000,0,1,0,0,0,../datasets/fb,finedex,584826,0,0,100000000,0,1,0,0,0,0,0,0,0,0,1866,100,0,0,0,0,64,200000000,
20240423133134,100000000,0,1,0,0,0,../datasets/osm,buckindex,1908342,0,0,100000000,7,1,0,0,0,0,0,0,0,0,1866,100,0,0,0,0,4,200000000,0.6,4,131072,
20240423133500,100000000,0,1,0,0,0,../datasets/osm,alex,1078379,0,0,100000000,4579798056,1,0,0,0,0,0,0,0,0,1866,100,0,0,0,0,64,200000000,
20240423133726,100000000,0,1,0,0,0,../datasets/osm,lipp,1359658,0,0,100000000,25391738802,1,0,0,0,0,0,0,0,0,1866,100,0,0,0,0,64,200000000,
20240423133848,100000000,0,1,0,0,0,../datasets/osm,pgm,2836391,0,0,100000000,3222180296,1,0,0,0,0,0,0,0,0,1866,100,0,0,0,0,64,200000000,
20240423134226,100000000,0,1,0,0,0,../datasets/osm,finedex,613155,0,0,100000000,0,1,0,0,0,0,0,0,0,0,1866,100,0,0,0,0,64,200000000,
