id,operations_num,read_ratio,insert_ratio,update_ratio,scan_ratio,delete_ratio,key_path,index_type,thread_num,throughput,throughput_read,throughput_write,init_table_size,memory_consumption,thread_num,min,50 percentile,90 percentile,99 percentile,99.9 percentile,99.99 percentile,max,avg,seed,scan_num,latency_variance,latency_sample,data_shift,pgm,error_bound,table_size,bli_initial_filled_ratio,bli_sbuck_size,bli_dbuck_size
2.0241E+13,100000000,0.7,0.3,0,0,0,../datasets/books,buckindex,2,6266351,0,0,100000000,3,2,0,0,0,0,0,0,0,0,1866,100,0,0,0,0,4,200000000,0.6,4,131072
2.0241E+13,100000000,0.7,0.3,0,0,0,../datasets/books,alexol,2,4134325,0,0,100000000,3074144304,2,0,0,0,0,0,0,0,0,1866,100,0,0,0,0,64,200000000,0,0,0
2.0241E+13,100000000,0.7,0.3,0,0,0,../datasets/books,lippol,2,2220284,0,0,100000000,26957893184,2,0,0,0,0,0,0,0,0,1866,100,0,0,0,0,64,200000000,0,0,0
2.0241E+13,100000000,0.7,0.3,0,0,0,../datasets/books,finedex,2,1826948,0,0,100000000,0,2,0,0,0,0,0,0,0,0,1866,100,0,0,0,0,64,200000000,0,0,0
2.0241E+13,100000000,0.7,0.3,0,0,0,../datasets/fb,buckindex,2,7606936,0,0,100000000,2,2,0,0,0,0,0,0,0,0,1866,100,0,0,0,0,4,200000000,0.6,4,131072
2.0241E+13,100000000,0.7,0.3,0,0,0,../datasets/fb,alexol,2,1900987,0,0,100000000,3144647416,2,0,0,0,0,0,0,0,0,1866,100,0,0,0,0,64,200000000,0,0,0
2.0241E+13,100000000,0.7,0.3,0,0,0,../datasets/fb,lippol,2,2168585,0,0,100000000,27809675808,2,0,0,0,0,0,0,0,0,1866,100,0,0,0,0,64,200000000,0,0,0
2.0241E+13,100000000,0.7,0.3,0,0,0,../datasets/fb,finedex,2,1324178,0,0,100000000,0,2,0,0,0,0,0,0,0,0,1866,100,0,0,0,0,64,200000000,0,0,0
2.0241E+13,100000000,0.7,0.3,0,0,0,../datasets/osm,buckindex,2,5383975,0,0,100000000,4,2,0,0,0,0,0,0,0,0,1866,100,0,0,0,0,4,200000000,0.6,4,131072
2.0241E+13,100000000,0.7,0.3,0,0,0,../datasets/osm,alexol,2,2270099,0,0,100000000,3137751984,2,0,0,0,0,0,0,0,0,1866,100,0,0,0,0,64,200000000,0,0,0
2.0241E+13,100000000,0.7,0.3,0,0,0,../datasets/osm,lippol,2,1952936,0,0,100000000,35167965312,2,0,0,0,0,0,0,0,0,1866,100,0,0,0,0,64,200000000,0,0,0
2.0241E+13,100000000,0.7,0.3,0,0,0,../datasets/osm,finedex,2,1456661,0,0,100000000,0,2,0,0,0,0,0,0,0,0,1866,100,0,0,0,0,64,200000000,0,0,0
2.0241E+13,100000000,0.7,0.3,0,0,0,../datasets/books,buckindex,3,12391739,0,0,100000000,3,3,0,0,0,0,0,0,0,0,1866,100,0,0,0,0,4,200000000,0.6,4,131072
2.0241E+13,100000000,0.7,0.3,0,0,0,../datasets/books,alexol,3,7563551,0,0,100000000,3074144304,3,0,0,0,0,0,0,0,0,1866,100,0,0,0,0,64,200000000,0,0,0
2.0241E+13,100000000,0.7,0.3,0,0,0,../datasets/books,lippol,3,4232497,0,0,100000000,26957893184,3,0,0,0,0,0,0,0,0,1866,100,0,0,0,0,64,200000000,0,0,0
2.0241E+13,100000000,0.7,0.3,0,0,0,../datasets/books,finedex,3,3427451,0,0,100000000,0,3,0,0,0,0,0,0,0,0,1866,100,0,0,0,0,64,200000000,0,0,0
2.0241E+13,100000000,0.7,0.3,0,0,0,../datasets/fb,buckindex,3,15112581,0,0,100000000,2,3,0,0,0,0,0,0,0,0,1866,100,0,0,0,0,4,200000000,0.6,4,131072
2.0241E+13,100000000,0.7,0.3,0,0,0,../datasets/fb,alexol,3,3667949,0,0,100000000,3144647416,3,0,0,0,0,0,0,0,0,1866,100,0,0,0,0,64,200000000,0,0,0
2.0241E+13,100000000,0.7,0.3,0,0,0,../datasets/fb,lippol,3,4278854,0,0,100000000,27809675808,3,0,0,0,0,0,0,0,0,1866,100,0,0,0,0,64,200000000,0,0,0
2.0241E+13,100000000,0.7,0.3,0,0,0,../datasets/fb,finedex,3,2518774,0,0,100000000,0,3,0,0,0,0,0,0,0,0,1866,100,0,0,0,0,64,200000000,0,0,0
2.0241E+13,100000000,0.7,0.3,0,0,0,../datasets/osm,buckindex,3,10702267,0,0,100000000,4,3,0,0,0,0,0,0,0,0,1866,100,0,0,0,0,4,200000000,0.6,4,131072
2.0241E+13,100000000,0.7,0.3,0,0,0,../datasets/osm,alexol,3,4250954,0,0,100000000,3137754168,3,0,0,0,0,0,0,0,0,1866,100,0,0,0,0,64,200000000,0,0,0
2.0241E+13,100000000,0.7,0.3,0,0,0,../datasets/osm,lippol,3,3850770,0,0,100000000,35167965312,3,0,0,0,0,0,0,0,0,1866,100,0,0,0,0,64,200000000,0,0,0
2.0241E+13,100000000,0.7,0.3,0,0,0,../datasets/osm,finedex,3,2766969,0,0,100000000,0,3,0,0,0,0,0,0,0,0,1866,100,0,0,0,0,64,200000000,0,0,0
2.0241E+13,100000000,0.7,0.3,0,0,0,../datasets/books,buckindex,4,18803047,0,0,100000000,3,4,0,0,0,0,0,0,0,0,1866,100,0,0,0,0,4,200000000,0.6,4,131072
2.0241E+13,100000000,0.7,0.3,0,0,0,../datasets/books,alexol,4,12601510,0,0,100000000,3074144304,4,0,0,0,0,0,0,0,0,1866,100,0,0,0,0,64,200000000,0,0,0
2.0241E+13,100000000,0.7,0.3,0,0,0,../datasets/books,lippol,4,6486093,0,0,100000000,26957893184,4,0,0,0,0,0,0,0,0,1866,100,0,0,0,0,64,200000000,0,0,0
2.0241E+13,100000000,0.7,0.3,0,0,0,../datasets/books,finedex,4,5464780,0,0,100000000,0,4,0,0,0,0,0,0,0,0,1866,100,0,0,0,0,64,200000000,0,0,0
2.0241E+13,100000000,0.7,0.3,0,0,0,../datasets/fb,buckindex,4,22665497,0,0,100000000,2,4,0,0,0,0,0,0,0,0,1866,100,0,0,0,0,4,200000000,0.6,4,131072
2.0241E+13,100000000,0.7,0.3,0,0,0,../datasets/fb,alexol,4,5894634,0,0,100000000,3144647416,4,0,0,0,0,0,0,0,0,1866,100,0,0,0,0,64,200000000,0,0,0
2.0241E+13,100000000,0.7,0.3,0,0,0,../datasets/fb,lippol,4,6559332,0,0,100000000,27809675808,4,0,0,0,0,0,0,0,0,1866,100,0,0,0,0,64,200000000,0,0,0
2.0241E+13,100000000,0.7,0.3,0,0,0,../datasets/fb,finedex,4,3978909,0,0,100000000,0,4,0,0,0,0,0,0,0,0,1866,100,0,0,0,0,64,200000000,0,0,0
2.0241E+13,100000000,0.7,0.3,0,0,0,../datasets/osm,buckindex,4,16149463,0,0,100000000,4,4,0,0,0,0,0,0,0,0,1866,100,0,0,0,0,4,200000000,0.6,4,131072
2.0241E+13,100000000,0.7,0.3,0,0,0,../datasets/osm,alexol,4,6947652,0,0,100000000,3137754168,4,0,0,0,0,0,0,0,0,1866,100,0,0,0,0,64,200000000,0,0,0
2.0241E+13,100000000,0.7,0.3,0,0,0,../datasets/osm,lippol,4,5606132,0,0,100000000,35167965312,4,0,0,0,0,0,0,0,0,1866,100,0,0,0,0,64,200000000,0,0,0
2.0241E+13,100000000,0.7,0.3,0,0,0,../datasets/osm,finedex,4,4254938,0,0,100000000,0,4,0,0,0,0,0,0,0,0,1866,100,0,0,0,0,64,200000000,0,0,0
2.0241E+13,100000000,0.7,0.3,0,0,0,../datasets/books,buckindex,5,24898300,0,0,100000000,3,5,0,0,0,0,0,0,0,0,1866,100,0,0,0,0,4,200000000,0.6,4,131072
2.0241E+13,100000000,0.7,0.3,0,0,0,../datasets/books,alexol,5,16283367,0,0,100000000,3074144304,5,0,0,0,0,0,0,0,0,1866,100,0,0,0,0,64,200000000,0,0,0
2.0241E+13,100000000,0.7,0.3,0,0,0,../datasets/books,lippol,5,8530868,0,0,100000000,26957893184,5,0,0,0,0,0,0,0,0,1866,100,0,0,0,0,64,200000000,0,0,0
2.0241E+13,100000000,0.7,0.3,0,0,0,../datasets/books,finedex,5,7027281,0,0,100000000,0,5,0,0,0,0,0,0,0,0,1866,100,0,0,0,0,64,200000000,0,0,0
2.0241E+13,100000000,0.7,0.3,0,0,0,../datasets/fb,buckindex,5,29946559,0,0,100000000,2,5,0,0,0,0,0,0,0,0,1866,100,0,0,0,0,4,200000000,0.6,4,131072
2.0241E+13,100000000,0.7,0.3,0,0,0,../datasets/fb,alexol,5,7583931,0,0,100000000,3144647416,5,0,0,0,0,0,0,0,0,1866,100,0,0,0,0,64,200000000,0,0,0
2.0241E+13,100000000,0.7,0.3,0,0,0,../datasets/fb,lippol,5,8737032,0,0,100000000,27809675808,5,0,0,0,0,0,0,0,0,1866,100,0,0,0,0,64,200000000,0,0,0
2.0241E+13,100000000,0.7,0.3,0,0,0,../datasets/fb,finedex,5,4995777,0,0,100000000,0,5,0,0,0,0,0,0,0,0,1866,100,0,0,0,0,64,200000000,0,0,0
2.0241E+13,100000000,0.7,0.3,0,0,0,../datasets/osm,buckindex,5,21393693,0,0,100000000,4,5,0,0,0,0,0,0,0,0,1866,100,0,0,0,0,4,200000000,0.6,4,131072
2.0241E+13,100000000,0.7,0.3,0,0,0,../datasets/osm,alexol,5,8737115,0,0,100000000,3137754168,5,0,0,0,0,0,0,0,0,1866,100,0,0,0,0,64,200000000,0,0,0
2.0241E+13,100000000,0.7,0.3,0,0,0,../datasets/osm,lippol,5,7756618,0,0,100000000,35167965312,5,0,0,0,0,0,0,0,0,1866,100,0,0,0,0,64,200000000,0,0,0
2.0241E+13,100000000,0.7,0.3,0,0,0,../datasets/osm,finedex,5,5551550,0,0,100000000,0,5,0,0,0,0,0,0,0,0,1866,100,0,0,0,0,64,200000000,0,0,0
2.0241E+13,100000000,0.7,0.3,0,0,0,../datasets/books,buckindex,6,31120852,0,0,100000000,3,6,0,0,0,0,0,0,0,0,1866,100,0,0,0,0,4,200000000,0.6,4,131072
2.0241E+13,100000000,0.7,0.3,0,0,0,../datasets/books,alexol,6,21414494,0,0,100000000,3074144304,6,0,0,0,0,0,0,0,0,1866,100,0,0,0,0,64,200000000,0,0,0
2.0241E+13,100000000,0.7,0.3,0,0,0,../datasets/books,lippol,6,10710281,0,0,100000000,26957893184,6,0,0,0,0,0,0,0,0,1866,100,0,0,0,0,64,200000000,0,0,0
2.0241E+13,100000000,0.7,0.3,0,0,0,../datasets/books,finedex,6,9091186,0,0,100000000,0,6,0,0,0,0,0,0,0,0,1866,100,0,0,0,0,64,200000000,0,0,0
2.0241E+13,100000000,0.7,0.3,0,0,0,../datasets/fb,buckindex,6,37478755,0,0,100000000,2,6,0,0,0,0,0,0,0,0,1866,100,0,0,0,0,4,200000000,0.6,4,131072
2.0241E+13,100000000,0.7,0.3,0,0,0,../datasets/fb,alexol,6,9744819,0,0,100000000,3144647416,6,0,0,0,0,0,0,0,0,1866,100,0,0,0,0,64,200000000,0,0,0
2.0241E+13,100000000,0.7,0.3,0,0,0,../datasets/fb,lippol,6,10821409,0,0,100000000,27809675808,6,0,0,0,0,0,0,0,0,1866,100,0,0,0,0,64,200000000,0,0,0
2.0241E+13,100000000,0.7,0.3,0,0,0,../datasets/fb,finedex,6,6601690,0,0,100000000,0,6,0,0,0,0,0,0,0,0,1866,100,0,0,0,0,64,200000000,0,0,0
2.0241E+13,100000000,0.7,0.3,0,0,0,../datasets/osm,buckindex,6,26730646,0,0,100000000,4,6,0,0,0,0,0,0,0,0,1866,100,0,0,0,0,4,200000000,0.6,4,131072
2.0241E+13,100000000,0.7,0.3,0,0,0,../datasets/osm,alexol,6,11314925,0,0,100000000,3137754168,6,0,0,0,0,0,0,0,0,1866,100,0,0,0,0,64,200000000,0,0,0
2.0241E+13,100000000,0.7,0.3,0,0,0,../datasets/osm,lippol,6,9331409,0,0,100000000,35167965312,6,0,0,0,0,0,0,0,0,1866,100,0,0,0,0,64,200000000,0,0,0
2.0241E+13,100000000,0.7,0.3,0,0,0,../datasets/osm,finedex,6,7262321,0,0,100000000,0,6,0,0,0,0,0,0,0,0,1866,100,0,0,0,0,64,200000000,0,0,0
2.0241E+13,100000000,0.7,0.3,0,0,0,../datasets/books,buckindex,7,37262997,0,0,100000000,3,7,0,0,0,0,0,0,0,0,1866,100,0,0,0,0,4,200000000,0.6,4,131072
2.0241E+13,100000000,0.7,0.3,0,0,0,../datasets/books,alexol,7,25333056,0,0,100000000,3074144304,7,0,0,0,0,0,0,0,0,1866,100,0,0,0,0,64,200000000,0,0,0
2.0241E+13,100000000,0.7,0.3,0,0,0,../datasets/books,lippol,7,12633900,0,0,100000000,26957893184,7,0,0,0,0,0,0,0,0,1866,100,0,0,0,0,64,200000000,0,0,0
2.0241E+13,100000000,0.7,0.3,0,0,0,../datasets/books,finedex,7,10536487,0,0,100000000,0,7,0,0,0,0,0,0,0,0,1866,100,0,0,0,0,64,200000000,0,0,0
2.0241E+13,100000000,0.7,0.3,0,0,0,../datasets/fb,buckindex,7,39463325,0,0,100000000,2,7,0,0,0,0,0,0,0,0,1866,100,0,0,0,0,4,200000000,0.6,4,131072
2.0241E+13,100000000,0.7,0.3,0,0,0,../datasets/fb,alexol,7,11393562,0,0,100000000,3144647416,7,0,0,0,0,0,0,0,0,1866,100,0,0,0,0,64,200000000,0,0,0
2.0241E+13,100000000,0.7,0.3,0,0,0,../datasets/fb,lippol,7,12863001,0,0,100000000,27809675808,7,0,0,0,0,0,0,0,0,1866,100,0,0,0,0,64,200000000,0,0,0
2.0241E+13,100000000,0.7,0.3,0,0,0,../datasets/fb,finedex,7,7560171,0,0,100000000,0,7,0,0,0,0,0,0,0,0,1866,100,0,0,0,0,64,200000000,0,0,0
2.0241E+13,100000000,0.7,0.3,0,0,0,../datasets/osm,buckindex,7,31807771,0,0,100000000,4,7,0,0,0,0,0,0,0,0,1866,100,0,0,0,0,4,200000000,0.6,4,131072
2.0241E+13,100000000,0.7,0.3,0,0,0,../datasets/osm,alexol,7,13198320,0,0,100000000,3137754168,7,0,0,0,0,0,0,0,0,1866,100,0,0,0,0,64,200000000,0,0,0
2.0241E+13,100000000,0.7,0.3,0,0,0,../datasets/osm,lippol,7,11501229,0,0,100000000,35167965312,7,0,0,0,0,0,0,0,0,1866,100,0,0,0,0,64,200000000,0,0,0
2.0241E+13,100000000,0.7,0.3,0,0,0,../datasets/osm,finedex,7,8455350,0,0,100000000,0,7,0,0,0,0,0,0,0,0,1866,100,0,0,0,0,64,200000000,0,0,0
2.0241E+13,100000000,0.7,0.3,0,0,0,../datasets/books,buckindex,8,43413193,0,0,100000000,3,8,0,0,0,0,0,0,0,0,1866,100,0,0,0,0,4,200000000,0.6,4,131072
2.0241E+13,100000000,0.7,0.3,0,0,0,../datasets/books,alexol,8,30178165,0,0,100000000,3074144304,8,0,0,0,0,0,0,0,0,1866,100,0,0,0,0,64,200000000,0,0,0
2.0241E+13,100000000,0.7,0.3,0,0,0,../datasets/books,lippol,8,14557085,0,0,100000000,26957893184,8,0,0,0,0,0,0,0,0,1866,100,0,0,0,0,64,200000000,0,0,0
2.0241E+13,100000000,0.7,0.3,0,0,0,../datasets/books,finedex,8,12692467,0,0,100000000,0,8,0,0,0,0,0,0,0,0,1866,100,0,0,0,0,64,200000000,0,0,0
2.0241E+13,100000000,0.7,0.3,0,0,0,../datasets/fb,buckindex,8,52283831,0,0,100000000,2,8,0,0,0,0,0,0,0,0,1866,100,0,0,0,0,4,200000000,0.6,4,131072
2.0241E+13,100000000,0.7,0.3,0,0,0,../datasets/fb,alexol,8,13784723,0,0,100000000,3144647416,8,0,0,0,0,0,0,0,0,1866,100,0,0,0,0,64,200000000,0,0,0
2.0241E+13,100000000,0.7,0.3,0,0,0,../datasets/fb,lippol,8,14995051,0,0,100000000,27809675808,8,0,0,0,0,0,0,0,0,1866,100,0,0,0,0,64,200000000,0,0,0
2.0241E+13,100000000,0.7,0.3,0,0,0,../datasets/fb,finedex,8,9207974,0,0,100000000,0,8,0,0,0,0,0,0,0,0,1866,100,0,0,0,0,64,200000000,0,0,0
2.0241E+13,100000000,0.7,0.3,0,0,0,../datasets/osm,buckindex,8,37273983,0,0,100000000,4,8,0,0,0,0,0,0,0,0,1866,100,0,0,0,0,4,200000000,0.6,4,131072
2.0241E+13,100000000,0.7,0.3,0,0,0,../datasets/osm,alexol,8,16148311,0,0,100000000,3137754168,8,0,0,0,0,0,0,0,0,1866,100,0,0,0,0,64,200000000,0,0,0
2.0241E+13,100000000,0.7,0.3,0,0,0,../datasets/osm,lippol,8,13069477,0,0,100000000,35167965312,8,0,0,0,0,0,0,0,0,1866,100,0,0,0,0,64,200000000,0,0,0
2.0241E+13,100000000,0.7,0.3,0,0,0,../datasets/osm,finedex,8,10132355,0,0,100000000,0,8,0,0,0,0,0,0,0,0,1866,100,0,0,0,0,64,200000000,0,0,0
2.0241E+13,100000000,0.7,0.3,0,0,0,../datasets/books,buckindex,9,48222630,0,0,100000000,3,9,0,0,0,0,0,0,0,0,1866,100,0,0,0,0,4,200000000,0.6,4,131072
2.0241E+13,100000000,0.7,0.3,0,0,0,../datasets/books,alexol,9,33757981,0,0,100000000,3074144304,9,0,0,0,0,0,0,0,0,1866,100,0,0,0,0,64,200000000,0,0,0
2.0241E+13,100000000,0.7,0.3,0,0,0,../datasets/books,lippol,9,16827210,0,0,100000000,26957893184,9,0,0,0,0,0,0,0,0,1866,100,0,0,0,0,64,200000000,0,0,0
2.0241E+13,100000000,0.7,0.3,0,0,0,../datasets/books,finedex,9,14129778,0,0,100000000,0,9,0,0,0,0,0,0,0,0,1866,100,0,0,0,0,64,200000000,0,0,0
2.0241E+13,100000000,0.7,0.3,0,0,0,../datasets/fb,buckindex,9,57815446,0,0,100000000,2,9,0,0,0,0,0,0,0,0,1866,100,0,0,0,0,4,200000000,0.6,4,131072
2.0241E+13,100000000,0.7,0.3,0,0,0,../datasets/fb,alexol,9,15307994,0,0,100000000,3144647416,9,0,0,0,0,0,0,0,0,1866,100,0,0,0,0,64,200000000,0,0,0
2.0241E+13,100000000,0.7,0.3,0,0,0,../datasets/fb,lippol,9,16742829,0,0,100000000,27809675808,9,0,0,0,0,0,0,0,0,1866,100,0,0,0,0,64,200000000,0,0,0
2.0241E+13,100000000,0.7,0.3,0,0,0,../datasets/fb,finedex,9,10137737,0,0,100000000,0,9,0,0,0,0,0,0,0,0,1866,100,0,0,0,0,64,200000000,0,0,0
2.0241E+13,100000000,0.7,0.3,0,0,0,../datasets/osm,buckindex,9,42514903,0,0,100000000,4,9,0,0,0,0,0,0,0,0,1866,100,0,0,0,0,4,200000000,0.6,4,131072
2.0241E+13,100000000,0.7,0.3,0,0,0,../datasets/osm,alexol,9,17583134,0,0,100000000,3137754168,9,0,0,0,0,0,0,0,0,1866,100,0,0,0,0,64,200000000,0,0,0
2.0241E+13,100000000,0.7,0.3,0,0,0,../datasets/osm,lippol,9,15140692,0,0,100000000,35167965312,9,0,0,0,0,0,0,0,0,1866,100,0,0,0,0,64,200000000,0,0,0
2.0241E+13,100000000,0.7,0.3,0,0,0,../datasets/osm,finedex,9,11114337,0,0,100000000,0,9,0,0,0,0,0,0,0,0,1866,100,0,0,0,0,64,200000000,0,0,0
2.0241E+13,100000000,0.7,0.3,0,0,0,../datasets/books,buckindex,10,55440287,0,0,100000000,3,10,0,0,0,0,0,0,0,0,1866,100,0,0,0,0,4,200000000,0.6,4,131072
2.0241E+13,100000000,0.7,0.3,0,0,0,../datasets/books,alexol,10,38659256,0,0,100000000,3074144304,10,0,0,0,0,0,0,0,0,1866,100,0,0,0,0,64,200000000,0,0,0
2.0241E+13,100000000,0.7,0.3,0,0,0,../datasets/books,lippol,10,18433530,0,0,100000000,26957893184,10,0,0,0,0,0,0,0,0,1866,100,0,0,0,0,64,200000000,0,0,0
2.0241E+13,100000000,0.7,0.3,0,0,0,../datasets/books,finedex,10,16185224,0,0,100000000,0,10,0,0,0,0,0,0,0,0,1866,100,0,0,0,0,64,200000000,0,0,0
2.0241E+13,100000000,0.7,0.3,0,0,0,../datasets/fb,buckindex,10,65529578,0,0,100000000,2,10,0,0,0,0,0,0,0,0,1866,100,0,0,0,0,4,200000000,0.6,4,131072
2.0241E+13,100000000,0.7,0.3,0,0,0,../datasets/fb,alexol,10,17693371,0,0,100000000,3144647416,10,0,0,0,0,0,0,0,0,1866,100,0,0,0,0,64,200000000,0,0,0
2.0241E+13,100000000,0.7,0.3,0,0,0,../datasets/fb,lippol,10,19081187,0,0,100000000,27809675808,10,0,0,0,0,0,0,0,0,1866,100,0,0,0,0,64,200000000,0,0,0
2.0241E+13,100000000,0.7,0.3,0,0,0,../datasets/fb,finedex,10,11834091,0,0,100000000,0,10,0,0,0,0,0,0,0,0,1866,100,0,0,0,0,64,200000000,0,0,0
2.0241E+13,100000000,0.7,0.3,0,0,0,../datasets/osm,buckindex,10,47782420,0,0,100000000,4,10,0,0,0,0,0,0,0,0,1866,100,0,0,0,0,4,200000000,0.6,4,131072
2.0241E+13,100000000,0.7,0.3,0,0,0,../datasets/osm,alexol,10,20497806,0,0,100000000,3137754168,10,0,0,0,0,0,0,0,0,1866,100,0,0,0,0,64,200000000,0,0,0
2.0241E+13,100000000,0.7,0.3,0,0,0,../datasets/osm,lippol,10,16900384,0,0,100000000,35167965312,10,0,0,0,0,0,0,0,0,1866,100,0,0,0,0,64,200000000,0,0,0
2.0241E+13,100000000,0.7,0.3,0,0,0,../datasets/osm,finedex,10,12999676,0,0,100000000,0,10,0,0,0,0,0,0,0,0,1866,100,0,0,0,0,64,200000000,0,0,0
2.0241E+13,100000000,0.7,0.3,0,0,0,../datasets/books,buckindex,11,61108983,0,0,100000000,3,11,0,0,0,0,0,0,0,0,1866,100,0,0,0,0,4,200000000,0.6,4,131072
2.0241E+13,100000000,0.7,0.3,0,0,0,../datasets/books,alexol,11,42454257,0,0,100000000,3074144304,11,0,0,0,0,0,0,0,0,1866,100,0,0,0,0,64,200000000,0,0,0
2.0241E+13,100000000,0.7,0.3,0,0,0,../datasets/books,lippol,11,20058989,0,0,100000000,26957893184,11,0,0,0,0,0,0,0,0,1866,100,0,0,0,0,64,200000000,0,0,0
2.0241E+13,100000000,0.7,0.3,0,0,0,../datasets/books,finedex,11,17650395,0,0,100000000,0,11,0,0,0,0,0,0,0,0,1866,100,0,0,0,0,64,200000000,0,0,0
2.0241E+13,100000000,0.7,0.3,0,0,0,../datasets/fb,buckindex,11,73548597,0,0,100000000,2,11,0,0,0,0,0,0,0,0,1866,100,0,0,0,0,4,200000000,0.6,4,131072
2.0241E+13,100000000,0.7,0.3,0,0,0,../datasets/fb,alexol,11,19013376,0,0,100000000,3144647416,11,0,0,0,0,0,0,0,0,1866,100,0,0,0,0,64,200000000,0,0,0
2.0241E+13,100000000,0.7,0.3,0,0,0,../datasets/fb,lippol,11,20836602,0,0,100000000,27809675808,11,0,0,0,0,0,0,0,0,1866,100,0,0,0,0,64,200000000,0,0,0
2.0241E+13,100000000,0.7,0.3,0,0,0,../datasets/fb,finedex,11,12869954,0,0,100000000,0,11,0,0,0,0,0,0,0,0,1866,100,0,0,0,0,64,200000000,0,0,0
2.0241E+13,100000000,0.7,0.3,0,0,0,../datasets/osm,buckindex,11,51770682,0,0,100000000,4,11,0,0,0,0,0,0,0,0,1866,100,0,0,0,0,4,200000000,0.6,4,131072
2.0241E+13,100000000,0.7,0.3,0,0,0,../datasets/osm,alexol,11,22072206,0,0,100000000,3137754168,11,0,0,0,0,0,0,0,0,1866,100,0,0,0,0,64,200000000,0,0,0
2.0241E+13,100000000,0.7,0.3,0,0,0,../datasets/osm,lippol,11,18301262,0,0,100000000,35167965312,11,0,0,0,0,0,0,0,0,1866,100,0,0,0,0,64,200000000,0,0,0
2.0241E+13,100000000,0.7,0.3,0,0,0,../datasets/osm,finedex,11,14149243,0,0,100000000,0,11,0,0,0,0,0,0,0,0,1866,100,0,0,0,0,64,200000000,0,0,0
2.0241E+13,100000000,0.7,0.3,0,0,0,../datasets/books,buckindex,12,64457239,0,0,100000000,3,12,0,0,0,0,0,0,0,0,1866,100,0,0,0,0,4,200000000,0.6,4,131072
2.0241E+13,100000000,0.7,0.3,0,0,0,../datasets/books,alexol,12,47404873,0,0,100000000,3074144304,12,0,0,0,0,0,0,0,0,1866,100,0,0,0,0,64,200000000,0,0,0
2.0241E+13,100000000,0.7,0.3,0,0,0,../datasets/books,lippol,12,22343478,0,0,100000000,26957893184,12,0,0,0,0,0,0,0,0,1866,100,0,0,0,0,64,200000000,0,0,0
2.0241E+13,100000000,0.7,0.3,0,0,0,../datasets/books,finedex,12,19823014,0,0,100000000,0,12,0,0,0,0,0,0,0,0,1866,100,0,0,0,0,64,200000000,0,0,0
2.0241E+13,100000000,0.7,0.3,0,0,0,../datasets/fb,buckindex,12,81124882,0,0,100000000,2,12,0,0,0,0,0,0,0,0,1866,100,0,0,0,0,4,200000000,0.6,4,131072
2.0241E+13,100000000,0.7,0.3,0,0,0,../datasets/fb,alexol,12,21562886,0,0,100000000,3144647416,12,0,0,0,0,0,0,0,0,1866,100,0,0,0,0,64,200000000,0,0,0
2.0241E+13,100000000,0.7,0.3,0,0,0,../datasets/fb,lippol,12,22604068,0,0,100000000,27809675808,12,0,0,0,0,0,0,0,0,1866,100,0,0,0,0,64,200000000,0,0,0
2.0241E+13,100000000,0.7,0.3,0,0,0,../datasets/fb,finedex,12,13983158,0,0,100000000,0,12,0,0,0,0,0,0,0,0,1866,100,0,0,0,0,64,200000000,0,0,0
2.0241E+13,100000000,0.7,0.3,0,0,0,../datasets/osm,buckindex,12,58247139,0,0,100000000,4,12,0,0,0,0,0,0,0,0,1866,100,0,0,0,0,4,200000000,0.6,4,131072
2.0241E+13,100000000,0.7,0.3,0,0,0,../datasets/osm,alexol,12,24982539,0,0,100000000,3137754168,12,0,0,0,0,0,0,0,0,1866,100,0,0,0,0,64,200000000,0,0,0
2.0241E+13,100000000,0.7,0.3,0,0,0,../datasets/osm,lippol,12,20407087,0,0,100000000,35167965312,12,0,0,0,0,0,0,0,0,1866,100,0,0,0,0,64,200000000,0,0,0
2.0241E+13,100000000,0.7,0.3,0,0,0,../datasets/osm,finedex,12,15854967,0,0,100000000,0,12,0,0,0,0,0,0,0,0,1866,100,0,0,0,0,64,200000000,0,0,0
2.0241E+13,100000000,0.7,0.3,0,0,0,../datasets/books,buckindex,13,73690240,0,0,100000000,3,13,0,0,0,0,0,0,0,0,1866,100,0,0,0,0,4,200000000,0.6,4,131072
2.0241E+13,100000000,0.7,0.3,0,0,0,../datasets/books,alexol,13,49992822,0,0,100000000,3074144304,13,0,0,0,0,0,0,0,0,1866,100,0,0,0,0,64,200000000,0,0,0
2.0241E+13,100000000,0.7,0.3,0,0,0,../datasets/books,lippol,13,24473947,0,0,100000000,26957893184,13,0,0,0,0,0,0,0,0,1866,100,0,0,0,0,64,200000000,0,0,0
2.0241E+13,100000000,0.7,0.3,0,0,0,../datasets/books,finedex,13,21166586,0,0,100000000,0,13,0,0,0,0,0,0,0,0,1866,100,0,0,0,0,64,200000000,0,0,0
2.0241E+13,100000000,0.7,0.3,0,0,0,../datasets/fb,buckindex,13,85322859,0,0,100000000,2,13,0,0,0,0,0,0,0,0,1866,100,0,0,0,0,4,200000000,0.6,4,131072
2.0241E+13,100000000,0.7,0.3,0,0,0,../datasets/fb,alexol,13,22773188,0,0,100000000,3144647416,13,0,0,0,0,0,0,0,0,1866,100,0,0,0,0,64,200000000,0,0,0
2.0241E+13,100000000,0.7,0.3,0,0,0,../datasets/fb,lippol,13,24374173,0,0,100000000,27809675808,13,0,0,0,0,0,0,0,0,1866,100,0,0,0,0,64,200000000,0,0,0
2.0241E+13,100000000,0.7,0.3,0,0,0,../datasets/fb,finedex,13,15117298,0,0,100000000,0,13,0,0,0,0,0,0,0,0,1866,100,0,0,0,0,64,200000000,0,0,0
2.0241E+13,100000000,0.7,0.3,0,0,0,../datasets/osm,buckindex,13,63618003,0,0,100000000,4,13,0,0,0,0,0,0,0,0,1866,100,0,0,0,0,4,200000000,0.6,4,131072
2.0241E+13,100000000,0.7,0.3,0,0,0,../datasets/osm,alexol,13,26438715,0,0,100000000,3137754168,13,0,0,0,0,0,0,0,0,1866,100,0,0,0,0,64,200000000,0,0,0
2.0241E+13,100000000,0.7,0.3,0,0,0,../datasets/osm,lippol,13,22188634,0,0,100000000,35167965312,13,0,0,0,0,0,0,0,0,1866,100,0,0,0,0,64,200000000,0,0,0
2.0241E+13,100000000,0.7,0.3,0,0,0,../datasets/osm,finedex,13,16745192,0,0,100000000,0,13,0,0,0,0,0,0,0,0,1866,100,0,0,0,0,64,200000000,0,0,0
2.0241E+13,100000000,0.7,0.3,0,0,0,../datasets/books,buckindex,14,79440749,0,0,100000000,3,14,0,0,0,0,0,0,0,0,1866,100,0,0,0,0,4,200000000,0.6,4,131072
2.0241E+13,100000000,0.7,0.3,0,0,0,../datasets/books,alexol,14,55952034,0,0,100000000,3074144304,14,0,0,0,0,0,0,0,0,1866,100,0,0,0,0,64,200000000,0,0,0
2.0241E+13,100000000,0.7,0.3,0,0,0,../datasets/books,lippol,14,25652210,0,0,100000000,26957893184,14,0,0,0,0,0,0,0,0,1866,100,0,0,0,0,64,200000000,0,0,0
2.0241E+13,100000000,0.7,0.3,0,0,0,../datasets/books,finedex,14,22812945,0,0,100000000,0,14,0,0,0,0,0,0,0,0,1866,100,0,0,0,0,64,200000000,0,0,0
2.0241E+13,100000000,0.7,0.3,0,0,0,../datasets/fb,buckindex,14,95302098,0,0,100000000,2,14,0,0,0,0,0,0,0,0,1866,100,0,0,0,0,4,200000000,0.6,4,131072
2.0241E+13,100000000,0.7,0.3,0,0,0,../datasets/fb,alexol,14,25153039,0,0,100000000,3144647416,14,0,0,0,0,0,0,0,0,1866,100,0,0,0,0,64,200000000,0,0,0
2.0241E+13,100000000,0.7,0.3,0,0,0,../datasets/fb,lippol,14,25975310,0,0,100000000,27809675808,14,0,0,0,0,0,0,0,0,1866,100,0,0,0,0,64,200000000,0,0,0
2.0241E+13,100000000,0.7,0.3,0,0,0,../datasets/fb,finedex,14,16707927,0,0,100000000,0,14,0,0,0,0,0,0,0,0,1866,100,0,0,0,0,64,200000000,0,0,0
2.0241E+13,100000000,0.7,0.3,0,0,0,../datasets/osm,buckindex,14,68550175,0,0,100000000,4,14,0,0,0,0,0,0,0,0,1866,100,0,0,0,0,4,200000000,0.6,4,131072
2.0241E+13,100000000,0.7,0.3,0,0,0,../datasets/osm,alexol,14,28455477,0,0,100000000,3137754168,14,0,0,0,0,0,0,0,0,1866,100,0,0,0,0,64,200000000,0,0,0
2.0241E+13,100000000,0.7,0.3,0,0,0,../datasets/osm,lippol,14,23326387,0,0,100000000,35167965312,14,0,0,0,0,0,0,0,0,1866,100,0,0,0,0,64,200000000,0,0,0
2.0241E+13,100000000,0.7,0.3,0,0,0,../datasets/osm,finedex,14,18609239,0,0,100000000,0,14,0,0,0,0,0,0,0,0,1866,100,0,0,0,0,64,200000000,0,0,0
2.0241E+13,100000000,0.7,0.3,0,0,0,../datasets/books,buckindex,15,85186110,0,0,100000000,3,15,0,0,0,0,0,0,0,0,1866,100,0,0,0,0,4,200000000,0.6,4,131072
2.0241E+13,100000000,0.7,0.3,0,0,0,../datasets/books,alexol,15,59594930,0,0,100000000,3074144304,15,0,0,0,0,0,0,0,0,1866,100,0,0,0,0,64,200000000,0,0,0
2.0241E+13,100000000,0.7,0.3,0,0,0,../datasets/books,lippol,15,27557011,0,0,100000000,26957893184,15,0,0,0,0,0,0,0,0,1866,100,0,0,0,0,64,200000000,0,0,0
2.0241E+13,100000000,0.7,0.3,0,0,0,../datasets/books,finedex,15,24848639,0,0,100000000,0,15,0,0,0,0,0,0,0,0,1866,100,0,0,0,0,64,200000000,0,0,0
2.0241E+13,100000000,0.7,0.3,0,0,0,../datasets/fb,buckindex,15,86236909,0,0,100000000,2,15,0,0,0,0,0,0,0,0,1866,100,0,0,0,0,4,200000000,0.6,4,131072
2.0241E+13,100000000,0.7,0.3,0,0,0,../datasets/fb,alexol,15,26162084,0,0,100000000,3144647416,15,0,0,0,0,0,0,0,0,1866,100,0,0,0,0,64,200000000,0,0,0
2.0241E+13,100000000,0.7,0.3,0,0,0,../datasets/fb,lippol,15,27808131,0,0,100000000,27809675808,15,0,0,0,0,0,0,0,0,1866,100,0,0,0,0,64,200000000,0,0,0
2.0241E+13,100000000,0.7,0.3,0,0,0,../datasets/fb,finedex,15,18006831,0,0,100000000,0,15,0,0,0,0,0,0,0,0,1866,100,0,0,0,0,64,200000000,0,0,0
2.0241E+13,100000000,0.7,0.3,0,0,0,../datasets/osm,buckindex,15,73656730,0,0,100000000,4,15,0,0,0,0,0,0,0,0,1866,100,0,0,0,0,4,200000000,0.6,4,131072
2.0241E+13,100000000,0.7,0.3,0,0,0,../datasets/osm,alexol,15,30062903,0,0,100000000,3137754168,15,0,0,0,0,0,0,0,0,1866,100,0,0,0,0,64,200000000,0,0,0
2.0241E+13,100000000,0.7,0.3,0,0,0,../datasets/osm,lippol,15,25152351,0,0,100000000,35167965312,15,0,0,0,0,0,0,0,0,1866,100,0,0,0,0,64,200000000,0,0,0
2.0241E+13,100000000,0.7,0.3,0,0,0,../datasets/osm,finedex,15,19879558,0,0,100000000,0,15,0,0,0,0,0,0,0,0,1866,100,0,0,0,0,64,200000000,0,0,0
2.0241E+13,100000000,0.7,0.3,0,0,0,../datasets/books,buckindex,16,91645790,0,0,100000000,3,16,0,0,0,0,0,0,0,0,1866,100,0,0,0,0,4,200000000,0.6,4,131072
2.0241E+13,100000000,0.7,0.3,0,0,0,../datasets/books,alexol,16,62764697,0,0,100000000,3074144304,16,0,0,0,0,0,0,0,0,1866,100,0,0,0,0,64,200000000,0,0,0
2.0241E+13,100000000,0.7,0.3,0,0,0,../datasets/books,lippol,16,30106204,0,0,100000000,26957893184,16,0,0,0,0,0,0,0,0,1866,100,0,0,0,0,64,200000000,0,0,0
2.0241E+13,100000000,0.7,0.3,0,0,0,../datasets/books,finedex,16,26488892,0,0,100000000,0,16,0,0,0,0,0,0,0,0,1866,100,0,0,0,0,64,200000000,0,0,0
2.0241E+13,100000000,0.7,0.3,0,0,0,../datasets/fb,buckindex,16,109370288,0,0,100000000,2,16,0,0,0,0,0,0,0,0,1866,100,0,0,0,0,4,200000000,0.6,4,131072
2.0241E+13,100000000,0.7,0.3,0,0,0,../datasets/fb,alexol,16,28121081,0,0,100000000,3144647416,16,0,0,0,0,0,0,0,0,1866,100,0,0,0,0,64,200000000,0,0,0
2.0241E+13,100000000,0.7,0.3,0,0,0,../datasets/fb,lippol,16,30424498,0,0,100000000,27809675808,16,0,0,0,0,0,0,0,0,1866,100,0,0,0,0,64,200000000,0,0,0
2.0241E+13,100000000,0.7,0.3,0,0,0,../datasets/fb,finedex,16,19546656,0,0,100000000,0,16,0,0,0,0,0,0,0,0,1866,100,0,0,0,0,64,200000000,0,0,0
2.0241E+13,100000000,0.7,0.3,0,0,0,../datasets/osm,buckindex,16,78893928,0,0,100000000,4,16,0,0,0,0,0,0,0,0,1866,100,0,0,0,0,4,200000000,0.6,4,131072
2.0241E+13,100000000,0.7,0.3,0,0,0,../datasets/osm,alexol,16,33445095,0,0,100000000,3137754168,16,0,0,0,0,0,0,0,0,1866,100,0,0,0,0,64,200000000,0,0,0
2.0241E+13,100000000,0.7,0.3,0,0,0,../datasets/osm,lippol,16,26788208,0,0,100000000,35167965312,16,0,0,0,0,0,0,0,0,1866,100,0,0,0,0,64,200000000,0,0,0
2.0241E+13,100000000,0.7,0.3,0,0,0,../datasets/osm,finedex,16,21367747,0,0,100000000,0,16,0,0,0,0,0,0,0,0,1866,100,0,0,0,0,64,200000000,0,0,0
2.0241E+13,100000000,0.7,0.3,0,0,0,../datasets/books,buckindex,17,96685406,0,0,100000000,3,17,0,0,0,0,0,0,0,0,1866,100,0,0,0,0,4,200000000,0.6,4,131072
2.0241E+13,100000000,0.7,0.3,0,0,0,../datasets/books,alexol,17,67679853,0,0,100000000,3074144304,17,0,0,0,0,0,0,0,0,1866,100,0,0,0,0,64,200000000,0,0,0
2.0241E+13,100000000,0.7,0.3,0,0,0,../datasets/books,lippol,17,32271656,0,0,100000000,26957893184,17,0,0,0,0,0,0,0,0,1866,100,0,0,0,0,64,200000000,0,0,0
2.0241E+13,100000000,0.7,0.3,0,0,0,../datasets/books,finedex,17,28191009,0,0,100000000,0,17,0,0,0,0,0,0,0,0,1866,100,0,0,0,0,64,200000000,0,0,0
2.0241E+13,100000000,0.7,0.3,0,0,0,../datasets/fb,buckindex,17,115545269,0,0,100000000,2,17,0,0,0,0,0,0,0,0,1866,100,0,0,0,0,4,200000000,0.6,4,131072
2.0241E+13,100000000,0.7,0.3,0,0,0,../datasets/fb,alexol,17,29762990,0,0,100000000,3144647416,17,0,0,0,0,0,0,0,0,1866,100,0,0,0,0,64,200000000,0,0,0
2.0241E+13,100000000,0.7,0.3,0,0,0,../datasets/fb,lippol,17,32495597,0,0,100000000,27809675808,17,0,0,0,0,0,0,0,0,1866,100,0,0,0,0,64,200000000,0,0,0
2.0241E+13,100000000,0.7,0.3,0,0,0,../datasets/fb,finedex,17,20112125,0,0,100000000,0,17,0,0,0,0,0,0,0,0,1866,100,0,0,0,0,64,200000000,0,0,0
2.0241E+13,100000000,0.7,0.3,0,0,0,../datasets/osm,buckindex,17,83901244,0,0,100000000,4,17,0,0,0,0,0,0,0,0,1866,100,0,0,0,0,4,200000000,0.6,4,131072
2.0241E+13,100000000,0.7,0.3,0,0,0,../datasets/osm,alexol,17,34797152,0,0,100000000,3137754168,17,0,0,0,0,0,0,0,0,1866,100,0,0,0,0,64,200000000,0,0,0
2.0241E+13,100000000,0.7,0.3,0,0,0,../datasets/osm,lippol,17,28238361,0,0,100000000,35167965312,17,0,0,0,0,0,0,0,0,1866,100,0,0,0,0,64,200000000,0,0,0
2.0241E+13,100000000,0.7,0.3,0,0,0,../datasets/osm,finedex,17,22187537,0,0,100000000,0,17,0,0,0,0,0,0,0,0,1866,100,0,0,0,0,64,200000000,0,0,0
2.0241E+13,100000000,0.7,0.3,0,0,0,../datasets/books,buckindex,18,103381848,0,0,100000000,3,18,0,0,0,0,0,0,0,0,1866,100,0,0,0,0,4,200000000,0.6,4,131072
2.0241E+13,100000000,0.7,0.3,0,0,0,../datasets/books,alexol,18,71123413,0,0,100000000,3074144304,18,0,0,0,0,0,0,0,0,1866,100,0,0,0,0,64,200000000,0,0,0
2.0241E+13,100000000,0.7,0.3,0,0,0,../datasets/books,lippol,18,33474478,0,0,100000000,26957893184,18,0,0,0,0,0,0,0,0,1866,100,0,0,0,0,64,200000000,0,0,0
2.0241E+13,100000000,0.7,0.3,0,0,0,../datasets/books,finedex,18,29950873,0,0,100000000,0,18,0,0,0,0,0,0,0,0,1866,100,0,0,0,0,64,200000000,0,0,0
2.0241E+13,100000000,0.7,0.3,0,0,0,../datasets/fb,buckindex,18,118577775,0,0,100000000,2,18,0,0,0,0,0,0,0,0,1866,100,0,0,0,0,4,200000000,0.6,4,131072
2.0241E+13,100000000,0.7,0.3,0,0,0,../datasets/fb,alexol,18,31552386,0,0,100000000,3144647416,18,0,0,0,0,0,0,0,0,1866,100,0,0,0,0,64,200000000,0,0,0
2.0241E+13,100000000,0.7,0.3,0,0,0,../datasets/fb,lippol,18,33809088,0,0,100000000,27809675808,18,0,0,0,0,0,0,0,0,1866,100,0,0,0,0,64,200000000,0,0,0
2.0241E+13,100000000,0.7,0.3,0,0,0,../datasets/fb,finedex,18,22127312,0,0,100000000,0,18,0,0,0,0,0,0,0,0,1866,100,0,0,0,0,64,200000000,0,0,0
2.0241E+13,100000000,0.7,0.3,0,0,0,../datasets/osm,buckindex,18,87900621,0,0,100000000,4,18,0,0,0,0,0,0,0,0,1866,100,0,0,0,0,4,200000000,0.6,4,131072
2.0241E+13,100000000,0.7,0.3,0,0,0,../datasets/osm,alexol,18,37643943,0,0,100000000,3137754168,18,0,0,0,0,0,0,0,0,1866,100,0,0,0,0,64,200000000,0,0,0
2.0241E+13,100000000,0.7,0.3,0,0,0,../datasets/osm,lippol,18,30222463,0,0,100000000,35167965312,18,0,0,0,0,0,0,0,0,1866,100,0,0,0,0,64,200000000,0,0,0
2.0241E+13,100000000,0.7,0.3,0,0,0,../datasets/osm,finedex,18,23599825,0,0,100000000,0,18,0,0,0,0,0,0,0,0,1866,100,0,0,0,0,64,200000000,0,0,0
2.0241E+13,100000000,0.7,0.3,0,0,0,../datasets/books,buckindex,19,108294022,0,0,100000000,3,19,0,0,0,0,0,0,0,0,1866,100,0,0,0,0,4,200000000,0.6,4,131072
2.0241E+13,100000000,0.7,0.3,0,0,0,../datasets/books,alexol,19,76449563,0,0,100000000,3074144304,19,0,0,0,0,0,0,0,0,1866,100,0,0,0,0,64,200000000,0,0,0
2.0241E+13,100000000,0.7,0.3,0,0,0,../datasets/books,lippol,19,35230388,0,0,100000000,26957893184,19,0,0,0,0,0,0,0,0,1866,100,0,0,0,0,64,200000000,0,0,0
2.0241E+13,100000000,0.7,0.3,0,0,0,../datasets/books,finedex,19,31100185,0,0,100000000,0,19,0,0,0,0,0,0,0,0,1866,100,0,0,0,0,64,200000000,0,0,0
2.0241E+13,100000000,0.7,0.3,0,0,0,../datasets/fb,buckindex,19,127268735,0,0,100000000,2,19,0,0,0,0,0,0,0,0,1866,100,0,0,0,0,4,200000000,0.6,4,131072
2.0241E+13,100000000,0.7,0.3,0,0,0,../datasets/fb,alexol,19,33196048,0,0,100000000,3144647416,19,0,0,0,0,0,0,0,0,1866,100,0,0,0,0,64,200000000,0,0,0
2.0241E+13,100000000,0.7,0.3,0,0,0,../datasets/fb,lippol,19,36155904,0,0,100000000,27809675808,19,0,0,0,0,0,0,0,0,1866,100,0,0,0,0,64,200000000,0,0,0
2.0241E+13,100000000,0.7,0.3,0,0,0,../datasets/fb,finedex,19,23183202,0,0,100000000,0,19,0,0,0,0,0,0,0,0,1866,100,0,0,0,0,64,200000000,0,0,0
2.0241E+13,100000000,0.7,0.3,0,0,0,../datasets/osm,buckindex,19,92700403,0,0,100000000,4,19,0,0,0,0,0,0,0,0,1866,100,0,0,0,0,4,200000000,0.6,4,131072
2.0241E+13,100000000,0.7,0.3,0,0,0,../datasets/osm,alexol,19,38834722,0,0,100000000,3137754168,19,0,0,0,0,0,0,0,0,1866,100,0,0,0,0,64,200000000,0,0,0
2.0241E+13,100000000,0.7,0.3,0,0,0,../datasets/osm,lippol,19,32468381,0,0,100000000,35167965312,19,0,0,0,0,0,0,0,0,1866,100,0,0,0,0,64,200000000,0,0,0
2.0241E+13,100000000,0.7,0.3,0,0,0,../datasets/osm,finedex,19,25444415,0,0,100000000,0,19,0,0,0,0,0,0,0,0,1866,100,0,0,0,0,64,200000000,0,0,0
2.0241E+13,100000000,0.7,0.3,0,0,0,../datasets/books,buckindex,20,106222059,0,0,100000000,3,20,0,0,0,0,0,0,0,0,1866,100,0,0,0,0,4,200000000,0.6,4,131072
2.0241E+13,100000000,0.7,0.3,0,0,0,../datasets/books,alexol,20,79190982,0,0,100000000,3074144304,20,0,0,0,0,0,0,0,0,1866,100,0,0,0,0,64,200000000,0,0,0
2.0241E+13,100000000,0.7,0.3,0,0,0,../datasets/books,lippol,20,37103251,0,0,100000000,26957893184,20,0,0,0,0,0,0,0,0,1866,100,0,0,0,0,64,200000000,0,0,0
2.0241E+13,100000000,0.7,0.3,0,0,0,../datasets/books,finedex,20,33893727,0,0,100000000,0,20,0,0,0,0,0,0,0,0,1866,100,0,0,0,0,64,200000000,0,0,0
2.0241E+13,100000000,0.7,0.3,0,0,0,../datasets/fb,buckindex,20,129482298,0,0,100000000,2,20,0,0,0,0,0,0,0,0,1866,100,0,0,0,0,4,200000000,0.6,4,131072
2.0241E+13,100000000,0.7,0.3,0,0,0,../datasets/fb,alexol,20,35650096,0,0,100000000,3144647416,20,0,0,0,0,0,0,0,0,1866,100,0,0,0,0,64,200000000,0,0,0
2.0241E+13,100000000,0.7,0.3,0,0,0,../datasets/fb,lippol,20,38287237,0,0,100000000,27809675808,20,0,0,0,0,0,0,0,0,1866,100,0,0,0,0,64,200000000,0,0,0
2.0241E+13,100000000,0.7,0.3,0,0,0,../datasets/fb,finedex,20,24343461,0,0,100000000,0,20,0,0,0,0,0,0,0,0,1866,100,0,0,0,0,64,200000000,0,0,0
2.0241E+13,100000000,0.7,0.3,0,0,0,../datasets/osm,buckindex,20,92787075,0,0,100000000,4,20,0,0,0,0,0,0,0,0,1866,100,0,0,0,0,4,200000000,0.6,4,131072
2.0241E+13,100000000,0.7,0.3,0,0,0,../datasets/osm,alexol,20,40599841,0,0,100000000,3137754168,20,0,0,0,0,0,0,0,0,1866,100,0,0,0,0,64,200000000,0,0,0
2.0241E+13,100000000,0.7,0.3,0,0,0,../datasets/osm,lippol,20,33355463,0,0,100000000,35167965312,20,0,0,0,0,0,0,0,0,1866,100,0,0,0,0,64,200000000,0,0,0
2.0241E+13,100000000,0.7,0.3,0,0,0,../datasets/osm,finedex,20,26463317,0,0,100000000,0,20,0,0,0,0,0,0,0,0,1866,100,0,0,0,0,64,200000000,0,0,0
2.0241E+13,100000000,0.7,0.3,0,0,0,../datasets/books,buckindex,21,118301290,0,0,100000000,3,21,0,0,0,0,0,0,0,0,1866,100,0,0,0,0,4,200000000,0.6,4,131072
2.0241E+13,100000000,0.7,0.3,0,0,0,../datasets/books,alexol,21,85063127,0,0,100000000,3074144304,21,0,0,0,0,0,0,0,0,1866,100,0,0,0,0,64,200000000,0,0,0
2.0241E+13,100000000,0.7,0.3,0,0,0,../datasets/books,lippol,21,38968744,0,0,100000000,26957893184,21,0,0,0,0,0,0,0,0,1866,100,0,0,0,0,64,200000000,0,0,0
2.0241E+13,100000000,0.7,0.3,0,0,0,../datasets/books,finedex,21,35359590,0,0,100000000,0,21,0,0,0,0,0,0,0,0,1866,100,0,0,0,0,64,200000000,0,0,0
2.0241E+13,100000000,0.7,0.3,0,0,0,../datasets/fb,buckindex,21,138379916,0,0,100000000,2,21,0,0,0,0,0,0,0,0,1866,100,0,0,0,0,4,200000000,0.6,4,131072
2.0241E+13,100000000,0.7,0.3,0,0,0,../datasets/fb,alexol,21,36002029,0,0,100000000,3144647416,21,0,0,0,0,0,0,0,0,1866,100,0,0,0,0,64,200000000,0,0,0
2.0241E+13,100000000,0.7,0.3,0,0,0,../datasets/fb,lippol,21,40291140,0,0,100000000,27809675808,21,0,0,0,0,0,0,0,0,1866,100,0,0,0,0,64,200000000,0,0,0
2.0241E+13,100000000,0.7,0.3,0,0,0,../datasets/fb,finedex,21,25694199,0,0,100000000,0,21,0,0,0,0,0,0,0,0,1866,100,0,0,0,0,64,200000000,0,0,0
2.0241E+13,100000000,0.7,0.3,0,0,0,../datasets/osm,buckindex,21,104203260,0,0,100000000,4,21,0,0,0,0,0,0,0,0,1866,100,0,0,0,0,4,200000000,0.6,4,131072
2.0241E+13,100000000,0.7,0.3,0,0,0,../datasets/osm,alexol,21,41915480,0,0,100000000,3137754168,21,0,0,0,0,0,0,0,0,1866,100,0,0,0,0,64,200000000,0,0,0
2.0241E+13,100000000,0.7,0.3,0,0,0,../datasets/osm,lippol,21,35474112,0,0,100000000,35167965312,21,0,0,0,0,0,0,0,0,1866,100,0,0,0,0,64,200000000,0,0,0
2.0241E+13,100000000,0.7,0.3,0,0,0,../datasets/osm,finedex,21,27529476,0,0,100000000,0,21,0,0,0,0,0,0,0,0,1866,100,0,0,0,0,64,200000000,0,0,0
2.0241E+13,100000000,0.7,0.3,0,0,0,../datasets/books,buckindex,22,126739995,0,0,100000000,3,22,0,0,0,0,0,0,0,0,1866,100,0,0,0,0,4,200000000,0.6,4,131072
2.0241E+13,100000000,0.7,0.3,0,0,0,../datasets/books,alexol,22,87858980,0,0,100000000,3074144304,22,0,0,0,0,0,0,0,0,1866,100,0,0,0,0,64,200000000,0,0,0
2.0241E+13,100000000,0.7,0.3,0,0,0,../datasets/books,lippol,22,40767495,0,0,100000000,26957893184,22,0,0,0,0,0,0,0,0,1866,100,0,0,0,0,64,200000000,0,0,0
2.0241E+13,100000000,0.7,0.3,0,0,0,../datasets/books,finedex,22,37432994,0,0,100000000,0,22,0,0,0,0,0,0,0,0,1866,100,0,0,0,0,64,200000000,0,0,0
2.0241E+13,100000000,0.7,0.3,0,0,0,../datasets/fb,buckindex,22,147190786,0,0,100000000,2,22,0,0,0,0,0,0,0,0,1866,100,0,0,0,0,4,200000000,0.6,4,131072
2.0241E+13,100000000,0.7,0.3,0,0,0,../datasets/fb,alexol,22,38059138,0,0,100000000,3144647416,22,0,0,0,0,0,0,0,0,1866,100,0,0,0,0,64,200000000,0,0,0
2.0241E+13,100000000,0.7,0.3,0,0,0,../datasets/fb,lippol,22,41749139,0,0,100000000,27809675808,22,0,0,0,0,0,0,0,0,1866,100,0,0,0,0,64,200000000,0,0,0
2.0241E+13,100000000,0.7,0.3,0,0,0,../datasets/fb,finedex,22,27134894,0,0,100000000,0,22,0,0,0,0,0,0,0,0,1866,100,0,0,0,0,64,200000000,0,0,0
2.0241E+13,100000000,0.7,0.3,0,0,0,../datasets/osm,buckindex,22,109856245,0,0,100000000,4,22,0,0,0,0,0,0,0,0,1866,100,0,0,0,0,4,200000000,0.6,4,131072
2.0241E+13,100000000,0.7,0.3,0,0,0,../datasets/osm,alexol,22,45741019,0,0,100000000,3137754168,22,0,0,0,0,0,0,0,0,1866,100,0,0,0,0,64,200000000,0,0,0
2.0241E+13,100000000,0.7,0.3,0,0,0,../datasets/osm,lippol,22,36684341,0,0,100000000,35167965312,22,0,0,0,0,0,0,0,0,1866,100,0,0,0,0,64,200000000,0,0,0
2.0241E+13,100000000,0.7,0.3,0,0,0,../datasets/osm,finedex,22,29836652,0,0,100000000,0,22,0,0,0,0,0,0,0,0,1866,100,0,0,0,0,64,200000000,0,0,0
2.0241E+13,100000000,0.7,0.3,0,0,0,../datasets/books,buckindex,23,132515945,0,0,100000000,3,23,0,0,0,0,0,0,0,0,1866,100,0,0,0,0,4,200000000,0.6,4,131072
2.0241E+13,100000000,0.7,0.3,0,0,0,../datasets/books,alexol,23,90748004,0,0,100000000,3074144304,23,0,0,0,0,0,0,0,0,1866,100,0,0,0,0,64,200000000,0,0,0
2.0241E+13,100000000,0.7,0.3,0,0,0,../datasets/books,lippol,23,42986004,0,0,100000000,26957893184,23,0,0,0,0,0,0,0,0,1866,100,0,0,0,0,64,200000000,0,0,0
2.0241E+13,100000000,0.7,0.3,0,0,0,../datasets/books,finedex,23,38797700,0,0,100000000,0,23,0,0,0,0,0,0,0,0,1866,100,0,0,0,0,64,200000000,0,0,0
2.0241E+13,100000000,0.7,0.3,0,0,0,../datasets/fb,buckindex,23,156994897,0,0,100000000,2,23,0,0,0,0,0,0,0,0,1866,100,0,0,0,0,4,200000000,0.6,4,131072
2.0241E+13,100000000,0.7,0.3,0,0,0,../datasets/fb,alexol,23,39677864,0,0,100000000,3144647416,23,0,0,0,0,0,0,0,0,1866,100,0,0,0,0,64,200000000,0,0,0
2.0241E+13,100000000,0.7,0.3,0,0,0,../datasets/fb,lippol,23,43317735,0,0,100000000,27809675808,23,0,0,0,0,0,0,0,0,1866,100,0,0,0,0,64,200000000,0,0,0
2.0241E+13,100000000,0.7,0.3,0,0,0,../datasets/fb,finedex,23,27579807,0,0,100000000,0,23,0,0,0,0,0,0,0,0,1866,100,0,0,0,0,64,200000000,0,0,0
2.0241E+13,100000000,0.7,0.3,0,0,0,../datasets/osm,buckindex,23,114561412,0,0,100000000,4,23,0,0,0,0,0,0,0,0,1866,100,0,0,0,0,4,200000000,0.6,4,131072
2.0241E+13,100000000,0.7,0.3,0,0,0,../datasets/osm,alexol,23,46623822,0,0,100000000,3137754168,23,0,0,0,0,0,0,0,0,1866,100,0,0,0,0,64,200000000,0,0,0
2.0241E+13,100000000,0.7,0.3,0,0,0,../datasets/osm,lippol,23,38990475,0,0,100000000,35167965312,23,0,0,0,0,0,0,0,0,1866,100,0,0,0,0,64,200000000,0,0,0
2.0241E+13,100000000,0.7,0.3,0,0,0,../datasets/osm,finedex,23,30939755,0,0,100000000,0,23,0,0,0,0,0,0,0,0,1866,100,0,0,0,0,64,200000000,0,0,0
2.0241E+13,100000000,0.7,0.3,0,0,0,../datasets/books,buckindex,24,138504961,0,0,100000000,3,24,0,0,0,0,0,0,0,0,1866,100,0,0,0,0,4,200000000,0.6,4,131072
2.0241E+13,100000000,0.7,0.3,0,0,0,../datasets/books,alexol,24,97959345,0,0,100000000,3074144304,24,0,0,0,0,0,0,0,0,1866,100,0,0,0,0,64,200000000,0,0,0
2.0241E+13,100000000,0.7,0.3,0,0,0,../datasets/books,lippol,24,44517500,0,0,100000000,26957893184,24,0,0,0,0,0,0,0,0,1866,100,0,0,0,0,64,200000000,0,0,0
2.0241E+13,100000000,0.7,0.3,0,0,0,../datasets/books,finedex,24,39790568,0,0,100000000,0,24,0,0,0,0,0,0,0,0,1866,100,0,0,0,0,64,200000000,0,0,0
2.0241E+13,100000000,0.7,0.3,0,0,0,../datasets/fb,buckindex,24,164715243,0,0,100000000,2,24,0,0,0,0,0,0,0,0,1866,100,0,0,0,0,4,200000000,0.6,4,131072
2.0241E+13,100000000,0.7,0.3,0,0,0,../datasets/fb,alexol,24,42179056,0,0,100000000,3144647416,24,0,0,0,0,0,0,0,0,1866,100,0,0,0,0,64,200000000,0,0,0
2.0241E+13,100000000,0.7,0.3,0,0,0,../datasets/fb,lippol,24,45301929,0,0,100000000,27809675808,24,0,0,0,0,0,0,0,0,1866,100,0,0,0,0,64,200000000,0,0,0
2.0241E+13,100000000,0.7,0.3,0,0,0,../datasets/fb,finedex,24,28831952,0,0,100000000,0,24,0,0,0,0,0,0,0,0,1866,100,0,0,0,0,64,200000000,0,0,0
2.0241E+13,100000000,0.7,0.3,0,0,0,../datasets/osm,buckindex,24,119111238,0,0,100000000,4,24,0,0,0,0,0,0,0,0,1866,100,0,0,0,0,4,200000000,0.6,4,131072
2.0241E+13,100000000,0.7,0.3,0,0,0,../datasets/osm,alexol,24,48523026,0,0,100000000,3137754168,24,0,0,0,0,0,0,0,0,1866,100,0,0,0,0,64,200000000,0,0,0
2.0241E+13,100000000,0.7,0.3,0,0,0,../datasets/osm,lippol,24,39885950,0,0,100000000,35167965312,24,0,0,0,0,0,0,0,0,1866,100,0,0,0,0,64,200000000,0,0,0
2.0241E+13,100000000,0.7,0.3,0,0,0,../datasets/osm,finedex,24,32061017,0,0,100000000,0,24,0,0,0,0,0,0,0,0,1866,100,0,0,0,0,64,200000000,0,0,0