id,read_ratio,insert_ratio,update_ratio,scan_ratio,delete_ratio,key_path,index_type,throughput,init_table_size,memory_consumption,thread_num,min,50 percentile,90 percentile,99 percentile,99.9 percentile,99.99 percentile,max,avg,seed,scan_num,latency_variance,latency_sample,data_shift,pgm,error_bound,table_size,bli_initial_filled_ratio,bli_sbuck_size,bli_dbuck_size
2.02401E+13,1,0,0,0,0,../datasets/fb,buckindex,4918974,100000000,3,1,0,0,0,0,0,0,0,0,1866,100,0,0,0,0,4,200000000,0.6,1,16384
2.02401E+13,1,0,0,0,0,../datasets/fb,buckindex,5023085,100000000,3,1,0,0,0,0,0,0,0,0,1866,100,0,0,0,0,4,200000000,0.6,1,32768
2.02401E+13,1,0,0,0,0,../datasets/fb,buckindex,5196898,100000000,3,1,0,0,0,0,0,0,0,0,1866,100,0,0,0,0,4,200000000,0.6,1,65536
2.02401E+13,1,0,0,0,0,../datasets/fb,buckindex,8203009,100000000,2,1,0,0,0,0,0,0,0,0,1866,100,0,0,0,0,4,200000000,0.6,1,131072
2.02401E+13,1,0,0,0,0,../datasets/fb,buckindex,8362323,100000000,2,1,0,0,0,0,0,0,0,0,1866,100,0,0,0,0,4,200000000,0.6,1,262144
2.02401E+13,1,0,0,0,0,../datasets/fb,buckindex,8552875,100000000,2,1,0,0,0,0,0,0,0,0,1866,100,0,0,0,0,4,200000000,0.6,1,524288
2.02401E+13,1,0,0,0,0,../datasets/fb,buckindex,8548451,100000000,2,1,0,0,0,0,0,0,0,0,1866,100,0,0,0,0,4,200000000,0.6,1,1048576
2.02401E+13,1,0,0,0,0,../datasets/fb,buckindex,8260448,100000000,2,1,0,0,0,0,0,0,0,0,1866,100,0,0,0,0,4,200000000,0.6,1,2097152
2.02401E+13,1,0,0,0,0,../datasets/fb,buckindex,8727104,100000000,2,1,0,0,0,0,0,0,0,0,1866,100,0,0,0,0,4,200000000,0.6,1,4194304
2.02401E+13,1,0,0,0,0,../datasets/fb,buckindex,8837140,100000000,2,1,0,0,0,0,0,0,0,0,1866,100,0,0,0,0,4,200000000,0.6,1,8388608



2.02401E+13,1,0,0,0,0,../datasets/fb,buckindex,9024653,100000000,2,1,0,0,0,0,0,0,0,0,1866,100,0,0,0,0,4,200000000,0.6,1,16777216
2.02401E+13,1,0,0,0,0,../datasets/fb,buckindex,8993356,100000000,2,1,0,0,0,0,0,0,0,0,1866,100,0,0,0,0,4,200000000,0.6,1,33554432
2.02401E+13,1,0,0,0,0,../datasets/fb,buckindex,4746872,100000000,3,1,0,0,0,0,0,0,0,0,1866,100,0,0,0,0,4,200000000,0.6,2,16384
2.02401E+13,1,0,0,0,0,../datasets/fb,buckindex,4859559,100000000,3,1,0,0,0,0,0,0,0,0,1866,100,0,0,0,0,4,200000000,0.6,2,32768
2.02401E+13,1,0,0,0,0,../datasets/fb,buckindex,5082700,100000000,3,1,0,0,0,0,0,0,0,0,1866,100,0,0,0,0,4,200000000,0.6,2,65536
2.02401E+13,1,0,0,0,0,../datasets/fb,buckindex,8063857,100000000,2,1,0,0,0,0,0,0,0,0,1866,100,0,0,0,0,4,200000000,0.6,2,131072
2.02401E+13,1,0,0,0,0,../datasets/fb,buckindex,7432312,100000000,2,1,0,0,0,0,0,0,0,0,1866,100,0,0,0,0,4,200000000,0.6,2,262144
2.02401E+13,1,0,0,0,0,../datasets/fb,buckindex,8341170,100000000,2,1,0,0,0,0,0,0,0,0,1866,100,0,0,0,0,4,200000000,0.6,2,524288
2.02401E+13,1,0,0,0,0,../datasets/fb,buckindex,7596277,100000000,2,1,0,0,0,0,0,0,0,0,1866,100,0,0,0,0,4,200000000,0.6,2,1048576
2.02401E+13,1,0,0,0,0,../datasets/fb,buckindex,8301703,100000000,2,1,0,0,0,0,0,0,0,0,1866,100,0,0,0,0,4,200000000,0.6,2,2097152
2.02401E+13,1,0,0,0,0,../datasets/fb,buckindex,7793257,100000000,2,1,0,0,0,0,0,0,0,0,1866,100,0,0,0,0,4,200000000,0.6,2,4194304
2.02401E+13,1,0,0,0,0,../datasets/fb,buckindex,8545440,100000000,2,1,0,0,0,0,0,0,0,0,1866,100,0,0,0,0,4,200000000,0.6,2,8388608



2.02401E+13,1,0,0,0,0,../datasets/fb,buckindex,8670536,100000000,2,1,0,0,0,0,0,0,0,0,1866,100,0,0,0,0,4,200000000,0.6,2,16777216
2.02401E+13,1,0,0,0,0,../datasets/fb,buckindex,8737297,100000000,2,1,0,0,0,0,0,0,0,0,1866,100,0,0,0,0,4,200000000,0.6,2,33554432
2.02401E+13,1,0,0,0,0,../datasets/fb,buckindex,4602996,100000000,3,1,0,0,0,0,0,0,0,0,1866,100,0,0,0,0,4,200000000,0.6,4,16384
2.02401E+13,1,0,0,0,0,../datasets/fb,buckindex,4748641,100000000,3,1,0,0,0,0,0,0,0,0,1866,100,0,0,0,0,4,200000000,0.6,4,32768
2.02401E+13,1,0,0,0,0,../datasets/fb,buckindex,4980422,100000000,3,1,0,0,0,0,0,0,0,0,1866,100,0,0,0,0,4,200000000,0.6,4,65536
2.02401E+13,1,0,0,0,0,../datasets/fb,buckindex,6653294,100000000,2,1,0,0,0,0,0,0,0,0,1866,100,0,0,0,0,4,200000000,0.6,4,131072
2.02401E+13,1,0,0,0,0,../datasets/fb,buckindex,6721436,100000000,2,1,0,0,0,0,0,0,0,0,1866,100,0,0,0,0,4,200000000,0.6,4,262144
2.02401E+13,1,0,0,0,0,../datasets/fb,buckindex,6753313,100000000,2,1,0,0,0,0,0,0,0,0,1866,100,0,0,0,0,4,200000000,0.6,4,524288
2.02401E+13,1,0,0,0,0,../datasets/fb,buckindex,6761801,100000000,2,1,0,0,0,0,0,0,0,0,1866,100,0,0,0,0,4,200000000,0.6,4,1048576
2.02401E+13,1,0,0,0,0,../datasets/fb,buckindex,6812919,100000000,2,1,0,0,0,0,0,0,0,0,1866,100,0,0,0,0,4,200000000,0.6,4,2097152
2.02401E+13,1,0,0,0,0,../datasets/fb,buckindex,7003787,100000000,2,1,0,0,0,0,0,0,0,0,1866,100,0,0,0,0,4,200000000,0.6,4,4194304
2.02401E+13,1,0,0,0,0,../datasets/fb,buckindex,5464713,100000000,2,1,0,0,0,0,0,0,0,0,1866,100,0,0,0,0,4,200000000,0.6,4,8388608



2.02401E+13,1,0,0,0,0,../datasets/fb,buckindex,7213518,100000000,2,1,0,0,0,0,0,0,0,0,1866,100,0,0,0,0,4,200000000,0.6,4,16777216
2.02401E+13,1,0,0,0,0,../datasets/fb,buckindex,7277173,100000000,2,1,0,0,0,0,0,0,0,0,1866,100,0,0,0,0,4,200000000,0.6,4,33554432
2.02401E+13,1,0,0,0,0,../datasets/fb,buckindex,4287970,100000000,3,1,0,0,0,0,0,0,0,0,1866,100,0,0,0,0,4,200000000,0.6,8,16384
2.02401E+13,1,0,0,0,0,../datasets/fb,buckindex,4391125,100000000,3,1,0,0,0,0,0,0,0,0,1866,100,0,0,0,0,4,200000000,0.6,8,32768
2.02401E+13,1,0,0,0,0,../datasets/fb,buckindex,4655974,100000000,3,1,0,0,0,0,0,0,0,0,1866,100,0,0,0,0,4,200000000,0.6,8,65536
2.02401E+13,1,0,0,0,0,../datasets/fb,buckindex,5492303,100000000,2,1,0,0,0,0,0,0,0,0,1866,100,0,0,0,0,4,200000000,0.6,8,131072
2.02401E+13,1,0,0,0,0,../datasets/fb,buckindex,5531718,100000000,2,1,0,0,0,0,0,0,0,0,1866,100,0,0,0,0,4,200000000,0.6,8,262144
2.02401E+13,1,0,0,0,0,../datasets/fb,buckindex,5566051,100000000,2,1,0,0,0,0,0,0,0,0,1866,100,0,0,0,0,4,200000000,0.6,8,524288
2.02401E+13,1,0,0,0,0,../datasets/fb,buckindex,5577439,100000000,2,1,0,0,0,0,0,0,0,0,1866,100,0,0,0,0,4,200000000,0.6,8,1048576
2.02401E+13,1,0,0,0,0,../datasets/fb,buckindex,5611164,100000000,2,1,0,0,0,0,0,0,0,0,1866,100,0,0,0,0,4,200000000,0.6,8,2097152
2.02401E+13,1,0,0,0,0,../datasets/fb,buckindex,5645029,100000000,2,1,0,0,0,0,0,0,0,0,1866,100,0,0,0,0,4,200000000,0.6,8,4194304
2.02401E+13,1,0,0,0,0,../datasets/fb,buckindex,5757274,100000000,2,1,0,0,0,0,0,0,0,0,1866,100,0,0,0,0,4,200000000,0.6,8,8388608



2.02401E+13,1,0,0,0,0,../datasets/fb,buckindex,5800225,100000000,2,1,0,0,0,0,0,0,0,0,1866,100,0,0,0,0,4,200000000,0.6,8,16777216
2.02401E+13,1,0,0,0,0,../datasets/fb,buckindex,5933139,100000000,2,1,0,0,0,0,0,0,0,0,1866,100,0,0,0,0,4,200000000,0.6,8,33554432
2.02401E+13,1,0,0,0,0,../datasets/fb,buckindex,3792950,100000000,3,1,0,0,0,0,0,0,0,0,1866,100,0,0,0,0,4,200000000,0.6,16,16384
2.02401E+13,1,0,0,0,0,../datasets/fb,buckindex,4063886,100000000,3,1,0,0,0,0,0,0,0,0,1866,100,0,0,0,0,4,200000000,0.6,16,32768
2.02401E+13,1,0,0,0,0,../datasets/fb,buckindex,4323820,100000000,3,1,0,0,0,0,0,0,0,0,1866,100,0,0,0,0,4,200000000,0.6,16,65536
2.02401E+13,1,0,0,0,0,../datasets/fb,buckindex,5094535,100000000,2,1,0,0,0,0,0,0,0,0,1866,100,0,0,0,0,4,200000000,0.6,16,131072
2.02401E+13,1,0,0,0,0,../datasets/fb,buckindex,5100550,100000000,2,1,0,0,0,0,0,0,0,0,1866,100,0,0,0,0,4,200000000,0.6,16,262144
2.02401E+13,1,0,0,0,0,../datasets/fb,buckindex,5065322,100000000,2,1,0,0,0,0,0,0,0,0,1866,100,0,0,0,0,4,200000000,0.6,16,524288
2.02401E+13,1,0,0,0,0,../datasets/fb,buckindex,5073555,100000000,2,1,0,0,0,0,0,0,0,0,1866,100,0,0,0,0,4,200000000,0.6,16,1048576
2.02401E+13,1,0,0,0,0,../datasets/fb,buckindex,5101471,100000000,2,1,0,0,0,0,0,0,0,0,1866,100,0,0,0,0,4,200000000,0.6,16,2097152
2.02401E+13,1,0,0,0,0,../datasets/fb,buckindex,5165126,100000000,2,1,0,0,0,0,0,0,0,0,1866,100,0,0,0,0,4,200000000,0.6,16,4194304
2.02401E+13,1,0,0,0,0,../datasets/fb,buckindex,5226232,100000000,2,1,0,0,0,0,0,0,0,0,1866,100,0,0,0,0,4,200000000,0.6,16,8388608



2.02401E+13,1,0,0,0,0,../datasets/fb,buckindex,5334306,100000000,2,1,0,0,0,0,0,0,0,0,1866,100,0,0,0,0,4,200000000,0.6,16,16777216
2.02401E+13,1,0,0,0,0,../datasets/fb,buckindex,5680719,100000000,2,1,0,0,0,0,0,0,0,0,1866,100,0,0,0,0,4,200000000,0.6,16,33554432
2.02401E+13,1,0,0,0,0,../datasets/fb,buckindex,2953536,100000000,3,1,0,0,0,0,0,0,0,0,1866,100,0,0,0,0,4,200000000,0.6,32,16384
2.02401E+13,1,0,0,0,0,../datasets/fb,buckindex,3204825,100000000,3,1,0,0,0,0,0,0,0,0,1866,100,0,0,0,0,4,200000000,0.6,32,32768
2.02401E+13,1,0,0,0,0,../datasets/fb,buckindex,3363751,100000000,3,1,0,0,0,0,0,0,0,0,1866,100,0,0,0,0,4,200000000,0.6,32,65536
2.02401E+13,1,0,0,0,0,../datasets/fb,buckindex,4219171,100000000,2,1,0,0,0,0,0,0,0,0,1866,100,0,0,0,0,4,200000000,0.6,32,131072
2.02401E+13,1,0,0,0,0,../datasets/fb,buckindex,4230473,100000000,2,1,0,0,0,0,0,0,0,0,1866,100,0,0,0,0,4,200000000,0.6,32,262144
2.02401E+13,1,0,0,0,0,../datasets/fb,buckindex,4250436,100000000,2,1,0,0,0,0,0,0,0,0,1866,100,0,0,0,0,4,200000000,0.6,32,524288
2.02401E+13,1,0,0,0,0,../datasets/fb,buckindex,4248331,100000000,2,1,0,0,0,0,0,0,0,0,1866,100,0,0,0,0,4,200000000,0.6,32,1048576
2.02401E+13,1,0,0,0,0,../datasets/fb,buckindex,4367921,100000000,2,1,0,0,0,0,0,0,0,0,1866,100,0,0,0,0,4,200000000,0.6,32,2097152
2.02401E+13,1,0,0,0,0,../datasets/fb,buckindex,4214447,100000000,2,1,0,0,0,0,0,0,0,0,1866,100,0,0,0,0,4,200000000,0.6,32,4194304
2.02401E+13,1,0,0,0,0,../datasets/fb,buckindex,4276454,100000000,2,1,0,0,0,0,0,0,0,0,1866,100,0,0,0,0,4,200000000,0.6,32,8388608



2.02401E+13,1,0,0,0,0,../datasets/fb,buckindex,5057766,100000000,2,1,0,0,0,0,0,0,0,0,1866,100,0,0,0,0,4,200000000,0.6,32,16777216
2.02401E+13,1,0,0,0,0,../datasets/fb,buckindex,5325677,100000000,2,1,0,0,0,0,0,0,0,0,1866,100,0,0,0,0,4,200000000,0.6,32,33554432
2.02401E+13,1,0,0,0,0,../datasets/osm,buckindex,3605801,100000000,5,1,0,0,0,0,0,0,0,0,1866,100,0,0,0,0,4,200000000,0.6,1,16384
2.02401E+13,1,0,0,0,0,../datasets/osm,buckindex,3811627,100000000,5,1,0,0,0,0,0,0,0,0,1866,100,0,0,0,0,4,200000000,0.6,1,32768
2.02401E+13,1,0,0,0,0,../datasets/osm,buckindex,4238659,100000000,4,1,0,0,0,0,0,0,0,0,1866,100,0,0,0,0,4,200000000,0.6,1,65536
2.02401E+13,1,0,0,0,0,../datasets/osm,buckindex,4460135,100000000,4,1,0,0,0,0,0,0,0,0,1866,100,0,0,0,0,4,200000000,0.6,1,131072
2.02401E+13,1,0,0,0,0,../datasets/osm,buckindex,4641024,100000000,4,1,0,0,0,0,0,0,0,0,1866,100,0,0,0,0,4,200000000,0.6,1,262144
2.02401E+13,1,0,0,0,0,../datasets/osm,buckindex,4765735,100000000,4,1,0,0,0,0,0,0,0,0,1866,100,0,0,0,0,4,200000000,0.6,1,524288
2.02401E+13,1,0,0,0,0,../datasets/osm,buckindex,5212225,100000000,3,1,0,0,0,0,0,0,0,0,1866,100,0,0,0,0,4,200000000,0.6,1,1048576
2.02401E+13,1,0,0,0,0,../datasets/osm,buckindex,5307881,100000000,3,1,0,0,0,0,0,0,0,0,1866,100,0,0,0,0,4,200000000,0.6,1,2097152
2.02401E+13,1,0,0,0,0,../datasets/osm,buckindex,5493976,100000000,3,1,0,0,0,0,0,0,0,0,1866,100,0,0,0,0,4,200000000,0.6,1,4194304
2.02401E+13,1,0,0,0,0,../datasets/osm,buckindex,5588916,100000000,3,1,0,0,0,0,0,0,0,0,1866,100,0,0,0,0,4,200000000,0.6,1,8388608



2.02401E+13,1,0,0,0,0,../datasets/osm,buckindex,8386720,100000000,2,1,0,0,0,0,0,0,0,0,1866,100,0,0,0,0,4,200000000,0.6,1,16777216
2.02401E+13,1,0,0,0,0,../datasets/osm,buckindex,8886296,100000000,2,1,0,0,0,0,0,0,0,0,1866,100,0,0,0,0,4,200000000,0.6,1,33554432
2.02401E+13,1,0,0,0,0,../datasets/osm,buckindex,3559722,100000000,5,1,0,0,0,0,0,0,0,0,1866,100,0,0,0,0,4,200000000,0.6,2,16384
2.02401E+13,1,0,0,0,0,../datasets/osm,buckindex,3712861,100000000,5,1,0,0,0,0,0,0,0,0,1866,100,0,0,0,0,4,200000000,0.6,2,32768
2.02401E+13,1,0,0,0,0,../datasets/osm,buckindex,4237717,100000000,4,1,0,0,0,0,0,0,0,0,1866,100,0,0,0,0,4,200000000,0.6,2,65536
2.02401E+13,1,0,0,0,0,../datasets/osm,buckindex,4373453,100000000,4,1,0,0,0,0,0,0,0,0,1866,100,0,0,0,0,4,200000000,0.6,2,131072
2.02401E+13,1,0,0,0,0,../datasets/osm,buckindex,4503155,100000000,4,1,0,0,0,0,0,0,0,0,1866,100,0,0,0,0,4,200000000,0.6,2,262144
2.02401E+13,1,0,0,0,0,../datasets/osm,buckindex,4587366,100000000,4,1,0,0,0,0,0,0,0,0,1866,100,0,0,0,0,4,200000000,0.6,2,524288
2.02401E+13,1,0,0,0,0,../datasets/osm,buckindex,5097313,100000000,3,1,0,0,0,0,0,0,0,0,1866,100,0,0,0,0,4,200000000,0.6,2,1048576
2.02401E+13,1,0,0,0,0,../datasets/osm,buckindex,5207335,100000000,3,1,0,0,0,0,0,0,0,0,1866,100,0,0,0,0,4,200000000,0.6,2,2097152
2.02401E+13,1,0,0,0,0,../datasets/osm,buckindex,5345317,100000000,3,1,0,0,0,0,0,0,0,0,1866,100,0,0,0,0,4,200000000,0.6,2,4194304
2.02401E+13,1,0,0,0,0,../datasets/osm,buckindex,5401532,100000000,3,1,0,0,0,0,0,0,0,0,1866,100,0,0,0,0,4,200000000,0.6,2,8388608



2.02401E+13,1,0,0,0,0,../datasets/osm,buckindex,7773905,100000000,2,1,0,0,0,0,0,0,0,0,1866,100,0,0,0,0,4,200000000,0.6,2,16777216
2.02401E+13,1,0,0,0,0,../datasets/osm,buckindex,8304758,100000000,2,1,0,0,0,0,0,0,0,0,1866,100,0,0,0,0,4,200000000,0.6,2,33554432
2.02401E+13,1,0,0,0,0,../datasets/osm,buckindex,3380961,100000000,5,1,0,0,0,0,0,0,0,0,1866,100,0,0,0,0,4,200000000,0.6,4,16384
2.02401E+13,1,0,0,0,0,../datasets/osm,buckindex,3549219,100000000,5,1,0,0,0,0,0,0,0,0,1866,100,0,0,0,0,4,200000000,0.6,4,32768
2.02401E+13,1,0,0,0,0,../datasets/osm,buckindex,3967580,100000000,4,1,0,0,0,0,0,0,0,0,1866,100,0,0,0,0,4,200000000,0.6,4,65536
2.02401E+13,1,0,0,0,0,../datasets/osm,buckindex,4228148,100000000,4,1,0,0,0,0,0,0,0,0,1866,100,0,0,0,0,4,200000000,0.6,4,131072
2.02401E+13,1,0,0,0,0,../datasets/osm,buckindex,4406078,100000000,4,1,0,0,0,0,0,0,0,0,1866,100,0,0,0,0,4,200000000,0.6,4,262144
2.02401E+13,1,0,0,0,0,../datasets/osm,buckindex,4576384,100000000,4,1,0,0,0,0,0,0,0,0,1866,100,0,0,0,0,4,200000000,0.6,4,524288
2.02401E+13,1,0,0,0,0,../datasets/osm,buckindex,5010603,100000000,3,1,0,0,0,0,0,0,0,0,1866,100,0,0,0,0,4,200000000,0.6,4,1048576
2.02401E+13,1,0,0,0,0,../datasets/osm,buckindex,5076280,100000000,3,1,0,0,0,0,0,0,0,0,1866,100,0,0,0,0,4,200000000,0.6,4,2097152
2.02401E+13,1,0,0,0,0,../datasets/osm,buckindex,5339922,100000000,3,1,0,0,0,0,0,0,0,0,1866,100,0,0,0,0,4,200000000,0.6,4,4194304
2.02401E+13,1,0,0,0,0,../datasets/osm,buckindex,5438711,100000000,3,1,0,0,0,0,0,0,0,0,1866,100,0,0,0,0,4,200000000,0.6,4,8388608



2.02401E+13,1,0,0,0,0,../datasets/osm,buckindex,6840216,100000000,2,1,0,0,0,0,0,0,0,0,1866,100,0,0,0,0,4,200000000,0.6,4,16777216
2.02401E+13,1,0,0,0,0,../datasets/osm,buckindex,6763157,100000000,2,1,0,0,0,0,0,0,0,0,1866,100,0,0,0,0,4,200000000,0.6,4,33554432
2.02401E+13,1,0,0,0,0,../datasets/osm,buckindex,2999392,100000000,5,1,0,0,0,0,0,0,0,0,1866,100,0,0,0,0,4,200000000,0.6,8,16384
2.02401E+13,1,0,0,0,0,../datasets/osm,buckindex,3058106,100000000,5,1,0,0,0,0,0,0,0,0,1866,100,0,0,0,0,4,200000000,0.6,8,32768
2.02401E+13,1,0,0,0,0,../datasets/osm,buckindex,3543744,100000000,4,1,0,0,0,0,0,0,0,0,1866,100,0,0,0,0,4,200000000,0.6,8,65536
2.02401E+13,1,0,0,0,0,../datasets/osm,buckindex,3723544,100000000,4,1,0,0,0,0,0,0,0,0,1866,100,0,0,0,0,4,200000000,0.6,8,131072
2.02401E+13,1,0,0,0,0,../datasets/osm,buckindex,3850799,100000000,4,1,0,0,0,0,0,0,0,0,1866,100,0,0,0,0,4,200000000,0.6,8,262144
2.02401E+13,1,0,0,0,0,../datasets/osm,buckindex,4073840,100000000,4,1,0,0,0,0,0,0,0,0,1866,100,0,0,0,0,4,200000000,0.6,8,524288
2.02401E+13,1,0,0,0,0,../datasets/osm,buckindex,4573036,100000000,3,1,0,0,0,0,0,0,0,0,1866,100,0,0,0,0,4,200000000,0.6,8,1048576
2.02401E+13,1,0,0,0,0,../datasets/osm,buckindex,4681440,100000000,3,1,0,0,0,0,0,0,0,0,1866,100,0,0,0,0,4,200000000,0.6,8,2097152
2.02401E+13,1,0,0,0,0,../datasets/osm,buckindex,4818749,100000000,3,1,0,0,0,0,0,0,0,0,1866,100,0,0,0,0,4,200000000,0.6,8,4194304
2.02401E+13,1,0,0,0,0,../datasets/osm,buckindex,4924805,100000000,3,1,0,0,0,0,0,0,0,0,1866,100,0,0,0,0,4,200000000,0.6,8,8388608



2.02401E+13,1,0,0,0,0,../datasets/osm,buckindex,5769286,100000000,2,1,0,0,0,0,0,0,0,0,1866,100,0,0,0,0,4,200000000,0.6,8,16777216
2.02401E+13,1,0,0,0,0,../datasets/osm,buckindex,5849950,100000000,2,1,0,0,0,0,0,0,0,0,1866,100,0,0,0,0,4,200000000,0.6,8,33554432
2.02401E+13,1,0,0,0,0,../datasets/osm,buckindex,2603176,100000000,5,1,0,0,0,0,0,0,0,0,1866,100,0,0,0,0,4,200000000,0.6,16,16384
2.02401E+13,1,0,0,0,0,../datasets/osm,buckindex,2715623,100000000,5,1,0,0,0,0,0,0,0,0,1866,100,0,0,0,0,4,200000000,0.6,16,32768
2.02401E+13,1,0,0,0,0,../datasets/osm,buckindex,3114182,100000000,4,1,0,0,0,0,0,0,0,0,1866,100,0,0,0,0,4,200000000,0.6,16,65536
2.02401E+13,1,0,0,0,0,../datasets/osm,buckindex,3267060,100000000,4,1,0,0,0,0,0,0,0,0,1866,100,0,0,0,0,4,200000000,0.6,16,131072
2.02401E+13,1,0,0,0,0,../datasets/osm,buckindex,3429457,100000000,4,1,0,0,0,0,0,0,0,0,1866,100,0,0,0,0,4,200000000,0.6,16,262144
2.02401E+13,1,0,0,0,0,../datasets/osm,buckindex,3639962,100000000,4,1,0,0,0,0,0,0,0,0,1866,100,0,0,0,0,4,200000000,0.6,16,524288
2.02401E+13,1,0,0,0,0,../datasets/osm,buckindex,4183356,100000000,3,1,0,0,0,0,0,0,0,0,1866,100,0,0,0,0,4,200000000,0.6,16,1048576
2.02401E+13,1,0,0,0,0,../datasets/osm,buckindex,4288555,100000000,3,1,0,0,0,0,0,0,0,0,1866,100,0,0,0,0,4,200000000,0.6,16,2097152
2.02401E+13,1,0,0,0,0,../datasets/osm,buckindex,4447346,100000000,3,1,0,0,0,0,0,0,0,0,1866,100,0,0,0,0,4,200000000,0.6,16,4194304
2.02401E+13,1,0,0,0,0,../datasets/osm,buckindex,4633953,100000000,3,1,0,0,0,0,0,0,0,0,1866,100,0,0,0,0,4,200000000,0.6,16,8388608



2.02401E+13,1,0,0,0,0,../datasets/osm,buckindex,5359749,100000000,2,1,0,0,0,0,0,0,0,0,1866,100,0,0,0,0,4,200000000,0.6,16,16777216
2.02401E+13,1,0,0,0,0,../datasets/osm,buckindex,5723939,100000000,2,1,0,0,0,0,0,0,0,0,1866,100,0,0,0,0,4,200000000,0.6,16,33554432
2.02401E+13,1,0,0,0,0,../datasets/osm,buckindex,2104090,100000000,5,1,0,0,0,0,0,0,0,0,1866,100,0,0,0,0,4,200000000,0.6,32,16384
2.02401E+13,1,0,0,0,0,../datasets/osm,buckindex,2186041,100000000,5,1,0,0,0,0,0,0,0,0,1866,100,0,0,0,0,4,200000000,0.6,32,32768
2.02401E+13,1,0,0,0,0,../datasets/osm,buckindex,2513336,100000000,4,1,0,0,0,0,0,0,0,0,1866,100,0,0,0,0,4,200000000,0.6,32,65536
2.02401E+13,1,0,0,0,0,../datasets/osm,buckindex,2644982,100000000,4,1,0,0,0,0,0,0,0,0,1866,100,0,0,0,0,4,200000000,0.6,32,131072
2.02401E+13,1,0,0,0,0,../datasets/osm,buckindex,2752547,100000000,4,1,0,0,0,0,0,0,0,0,1866,100,0,0,0,0,4,200000000,0.6,32,262144
2.02401E+13,1,0,0,0,0,../datasets/osm,buckindex,2748534,100000000,4,1,0,0,0,0,0,0,0,0,1866,100,0,0,0,0,4,200000000,0.6,32,524288
2.02401E+13,1,0,0,0,0,../datasets/osm,buckindex,3400969,100000000,3,1,0,0,0,0,0,0,0,0,1866,100,0,0,0,0,4,200000000,0.6,32,1048576
2.02401E+13,1,0,0,0,0,../datasets/osm,buckindex,3774295,100000000,3,1,0,0,0,0,0,0,0,0,1866,100,0,0,0,0,4,200000000,0.6,32,2097152
2.02401E+13,1,0,0,0,0,../datasets/osm,buckindex,3973536,100000000,3,1,0,0,0,0,0,0,0,0,1866,100,0,0,0,0,4,200000000,0.6,32,4194304
2.02401E+13,1,0,0,0,0,../datasets/osm,buckindex,4218732,100000000,3,1,0,0,0,0,0,0,0,0,1866,100,0,0,0,0,4,200000000,0.6,32,8388608



2.02401E+13,1,0,0,0,0,../datasets/osm,buckindex,5095864,100000000,2,1,0,0,0,0,0,0,0,0,1866,100,0,0,0,0,4,200000000,0.6,32,16777216
2.02401E+13,1,0,0,0,0,../datasets/osm,buckindex,5198700,100000000,2,1,0,0,0,0,0,0,0,0,1866,100,0,0,0,0,4,200000000,0.6,32,33554432
2.02401E+13,1,0,0,0,0,../datasets/books,buckindex,5019443,100000000,3,1,0,0,0,0,0,0,0,0,1866,100,0,0,0,0,4,200000000,0.6,1,16384
2.02401E+13,1,0,0,0,0,../datasets/books,buckindex,5120139,100000000,3,1,0,0,0,0,0,0,0,0,1866,100,0,0,0,0,4,200000000,0.6,1,32768
2.02401E+13,1,0,0,0,0,../datasets/books,buckindex,5243635,100000000,3,1,0,0,0,0,0,0,0,0,1866,100,0,0,0,0,4,200000000,0.6,1,65536
2.02401E+13,1,0,0,0,0,../datasets/books,buckindex,5325659,100000000,3,1,0,0,0,0,0,0,0,0,1866,100,0,0,0,0,4,200000000,0.6,1,131072
2.02401E+13,1,0,0,0,0,../datasets/books,buckindex,5454688,100000000,3,1,0,0,0,0,0,0,0,0,1866,100,0,0,0,0,4,200000000,0.6,1,262144
2.02401E+13,1,0,0,0,0,../datasets/books,buckindex,5558290,100000000,3,1,0,0,0,0,0,0,0,0,1866,100,0,0,0,0,4,200000000,0.6,1,524288
2.02401E+13,1,0,0,0,0,../datasets/books,buckindex,5594785,100000000,3,1,0,0,0,0,0,0,0,0,1866,100,0,0,0,0,4,200000000,0.6,1,1048576
2.02401E+13,1,0,0,0,0,../datasets/books,buckindex,5596282,100000000,3,1,0,0,0,0,0,0,0,0,1866,100,0,0,0,0,4,200000000,0.6,1,2097152
2.02401E+13,1,0,0,0,0,../datasets/books,buckindex,5722074,100000000,3,1,0,0,0,0,0,0,0,0,1866,100,0,0,0,0,4,200000000,0.6,1,4194304
2.02401E+13,1,0,0,0,0,../datasets/books,buckindex,5787850,100000000,3,1,0,0,0,0,0,0,0,0,1866,100,0,0,0,0,4,200000000,0.6,1,8388608



2.02401E+13,1,0,0,0,0,../datasets/books,buckindex,8840329,100000000,2,1,0,0,0,0,0,0,0,0,1866,100,0,0,0,0,4,200000000,0.6,1,16777216
2.02401E+13,1,0,0,0,0,../datasets/books,buckindex,8862173,100000000,2,1,0,0,0,0,0,0,0,0,1866,100,0,0,0,0,4,200000000,0.6,1,33554432
2.02401E+13,1,0,0,0,0,../datasets/books,buckindex,4686775,100000000,3,1,0,0,0,0,0,0,0,0,1866,100,0,0,0,0,4,200000000,0.6,2,16384
2.02401E+13,1,0,0,0,0,../datasets/books,buckindex,4787288,100000000,3,1,0,0,0,0,0,0,0,0,1866,100,0,0,0,0,4,200000000,0.6,2,32768
2.02401E+13,1,0,0,0,0,../datasets/books,buckindex,5009497,100000000,3,1,0,0,0,0,0,0,0,0,1866,100,0,0,0,0,4,200000000,0.6,2,65536
2.02401E+13,1,0,0,0,0,../datasets/books,buckindex,5204650,100000000,3,1,0,0,0,0,0,0,0,0,1866,100,0,0,0,0,4,200000000,0.6,2,131072
2.02401E+13,1,0,0,0,0,../datasets/books,buckindex,5195343,100000000,3,1,0,0,0,0,0,0,0,0,1866,100,0,0,0,0,4,200000000,0.6,2,262144
2.02401E+13,1,0,0,0,0,../datasets/books,buckindex,5300976,100000000,3,1,0,0,0,0,0,0,0,0,1866,100,0,0,0,0,4,200000000,0.6,2,524288
2.02401E+13,1,0,0,0,0,../datasets/books,buckindex,5283984,100000000,3,1,0,0,0,0,0,0,0,0,1866,100,0,0,0,0,4,200000000,0.6,2,1048576
2.02401E+13,1,0,0,0,0,../datasets/books,buckindex,5483570,100000000,3,1,0,0,0,0,0,0,0,0,1866,100,0,0,0,0,4,200000000,0.6,2,2097152
2.02401E+13,1,0,0,0,0,../datasets/books,buckindex,5473898,100000000,3,1,0,0,0,0,0,0,0,0,1866,100,0,0,0,0,4,200000000,0.6,2,4194304
2.02401E+13,1,0,0,0,0,../datasets/books,buckindex,5634411,100000000,3,1,0,0,0,0,0,0,0,0,1866,100,0,0,0,0,4,200000000,0.6,2,8388608



2.02401E+13,1,0,0,0,0,../datasets/books,buckindex,8342374,100000000,2,1,0,0,0,0,0,0,0,0,1866,100,0,0,0,0,4,200000000,0.6,2,16777216
2.02401E+13,1,0,0,0,0,../datasets/books,buckindex,8821540,100000000,2,1,0,0,0,0,0,0,0,0,1866,100,0,0,0,0,4,200000000,0.6,2,33554432
2.02401E+13,1,0,0,0,0,../datasets/books,buckindex,4599756,100000000,3,1,0,0,0,0,0,0,0,0,1866,100,0,0,0,0,4,200000000,0.6,4,16384
2.02401E+13,1,0,0,0,0,../datasets/books,buckindex,4719654,100000000,3,1,0,0,0,0,0,0,0,0,1866,100,0,0,0,0,4,200000000,0.6,4,32768
2.02401E+13,1,0,0,0,0,../datasets/books,buckindex,4880884,100000000,3,1,0,0,0,0,0,0,0,0,1866,100,0,0,0,0,4,200000000,0.6,4,65536
2.02401E+13,1,0,0,0,0,../datasets/books,buckindex,5093612,100000000,3,1,0,0,0,0,0,0,0,0,1866,100,0,0,0,0,4,200000000,0.6,4,131072
2.02401E+13,1,0,0,0,0,../datasets/books,buckindex,5112564,100000000,3,1,0,0,0,0,0,0,0,0,1866,100,0,0,0,0,4,200000000,0.6,4,262144
2.02401E+13,1,0,0,0,0,../datasets/books,buckindex,5182690,100000000,3,1,0,0,0,0,0,0,0,0,1866,100,0,0,0,0,4,200000000,0.6,4,524288
2.02401E+13,1,0,0,0,0,../datasets/books,buckindex,5255260,100000000,3,1,0,0,0,0,0,0,0,0,1866,100,0,0,0,0,4,200000000,0.6,4,1048576
2.02401E+13,1,0,0,0,0,../datasets/books,buckindex,5267160,100000000,3,1,0,0,0,0,0,0,0,0,1866,100,0,0,0,0,4,200000000,0.6,4,2097152
2.02401E+13,1,0,0,0,0,../datasets/books,buckindex,5391903,100000000,3,1,0,0,0,0,0,0,0,0,1866,100,0,0,0,0,4,200000000,0.6,4,4194304
2.02401E+13,1,0,0,0,0,../datasets/books,buckindex,5418789,100000000,3,1,0,0,0,0,0,0,0,0,1866,100,0,0,0,0,4,200000000,0.6,4,8388608



2.02401E+13,1,0,0,0,0,../datasets/books,buckindex,6913090,100000000,2,1,0,0,0,0,0,0,0,0,1866,100,0,0,0,0,4,200000000,0.6,4,16777216
2.02401E+13,1,0,0,0,0,../datasets/books,buckindex,7503171,100000000,2,1,0,0,0,0,0,0,0,0,1866,100,0,0,0,0,4,200000000,0.6,4,33554432
2.02401E+13,1,0,0,0,0,../datasets/books,buckindex,4192020,100000000,3,1,0,0,0,0,0,0,0,0,1866,100,0,0,0,0,4,200000000,0.6,8,16384
2.02401E+13,1,0,0,0,0,../datasets/books,buckindex,4236904,100000000,3,1,0,0,0,0,0,0,0,0,1866,100,0,0,0,0,4,200000000,0.6,8,32768
2.02401E+13,1,0,0,0,0,../datasets/books,buckindex,4456045,100000000,3,1,0,0,0,0,0,0,0,0,1866,100,0,0,0,0,4,200000000,0.6,8,65536
2.02401E+13,1,0,0,0,0,../datasets/books,buckindex,4595079,100000000,3,1,0,0,0,0,0,0,0,0,1866,100,0,0,0,0,4,200000000,0.6,8,131072
2.02401E+13,1,0,0,0,0,../datasets/books,buckindex,4677849,100000000,3,1,0,0,0,0,0,0,0,0,1866,100,0,0,0,0,4,200000000,0.6,8,262144
2.02401E+13,1,0,0,0,0,../datasets/books,buckindex,4709179,100000000,3,1,0,0,0,0,0,0,0,0,1866,100,0,0,0,0,4,200000000,0.6,8,524288
2.02401E+13,1,0,0,0,0,../datasets/books,buckindex,4696517,100000000,3,1,0,0,0,0,0,0,0,0,1866,100,0,0,0,0,4,200000000,0.6,8,1048576
2.02401E+13,1,0,0,0,0,../datasets/books,buckindex,4737282,100000000,3,1,0,0,0,0,0,0,0,0,1866,100,0,0,0,0,4,200000000,0.6,8,2097152
2.02401E+13,1,0,0,0,0,../datasets/books,buckindex,4938677,100000000,3,1,0,0,0,0,0,0,0,0,1866,100,0,0,0,0,4,200000000,0.6,8,4194304
2.02401E+13,1,0,0,0,0,../datasets/books,buckindex,4950625,100000000,3,1,0,0,0,0,0,0,0,0,1866,100,0,0,0,0,4,200000000,0.6,8,8388608



2.02401E+13,1,0,0,0,0,../datasets/books,buckindex,5818683,100000000,2,1,0,0,0,0,0,0,0,0,1866,100,0,0,0,0,4,200000000,0.6,8,16777216
2.02401E+13,1,0,0,0,0,../datasets/books,buckindex,5903223,100000000,2,1,0,0,0,0,0,0,0,0,1866,100,0,0,0,0,4,200000000,0.6,8,33554432
2.02401E+13,1,0,0,0,0,../datasets/books,buckindex,3723788,100000000,3,1,0,0,0,0,0,0,0,0,1866,100,0,0,0,0,4,200000000,0.6,16,16384
2.02401E+13,1,0,0,0,0,../datasets/books,buckindex,3829311,100000000,3,1,0,0,0,0,0,0,0,0,1866,100,0,0,0,0,4,200000000,0.6,16,32768
2.02401E+13,1,0,0,0,0,../datasets/books,buckindex,3974675,100000000,3,1,0,0,0,0,0,0,0,0,1866,100,0,0,0,0,4,200000000,0.6,16,65536
2.02401E+13,1,0,0,0,0,../datasets/books,buckindex,4097994,100000000,3,1,0,0,0,0,0,0,0,0,1866,100,0,0,0,0,4,200000000,0.6,16,131072
2.02401E+13,1,0,0,0,0,../datasets/books,buckindex,4097444,100000000,3,1,0,0,0,0,0,0,0,0,1866,100,0,0,0,0,4,200000000,0.6,16,262144
2.02401E+13,1,0,0,0,0,../datasets/books,buckindex,4274828,100000000,3,1,0,0,0,0,0,0,0,0,1866,100,0,0,0,0,4,200000000,0.6,16,524288
2.02401E+13,1,0,0,0,0,../datasets/books,buckindex,4228264,100000000,3,1,0,0,0,0,0,0,0,0,1866,100,0,0,0,0,4,200000000,0.6,16,1048576
2.02401E+13,1,0,0,0,0,../datasets/books,buckindex,4345852,100000000,3,1,0,0,0,0,0,0,0,0,1866,100,0,0,0,0,4,200000000,0.6,16,2097152
2.02401E+13,1,0,0,0,0,../datasets/books,buckindex,4445388,100000000,3,1,0,0,0,0,0,0,0,0,1866,100,0,0,0,0,4,200000000,0.6,16,4194304
2.02401E+13,1,0,0,0,0,../datasets/books,buckindex,4522457,100000000,3,1,0,0,0,0,0,0,0,0,1866,100,0,0,0,0,4,200000000,0.6,16,8388608



2.02401E+13,1,0,0,0,0,../datasets/books,buckindex,5363116,100000000,2,1,0,0,0,0,0,0,0,0,1866,100,0,0,0,0,4,200000000,0.6,16,16777216
2.02401E+13,1,0,0,0,0,../datasets/books,buckindex,5621726,100000000,2,1,0,0,0,0,0,0,0,0,1866,100,0,0,0,0,4,200000000,0.6,16,33554432
2.02401E+13,1,0,0,0,0,../datasets/books,buckindex,2818208,100000000,3,1,0,0,0,0,0,0,0,0,1866,100,0,0,0,0,4,200000000,0.6,32,16384
2.02401E+13,1,0,0,0,0,../datasets/books,buckindex,3002096,100000000,3,1,0,0,0,0,0,0,0,0,1866,100,0,0,0,0,4,200000000,0.6,32,32768
2.02401E+13,1,0,0,0,0,../datasets/books,buckindex,3075888,100000000,3,1,0,0,0,0,0,0,0,0,1866,100,0,0,0,0,4,200000000,0.6,32,65536
2.02401E+13,1,0,0,0,0,../datasets/books,buckindex,3177063,100000000,3,1,0,0,0,0,0,0,0,0,1866,100,0,0,0,0,4,200000000,0.6,32,131072
2.02401E+13,1,0,0,0,0,../datasets/books,buckindex,3276149,100000000,3,1,0,0,0,0,0,0,0,0,1866,100,0,0,0,0,4,200000000,0.6,32,262144
2.02401E+13,1,0,0,0,0,../datasets/books,buckindex,3324599,100000000,3,1,0,0,0,0,0,0,0,0,1866,100,0,0,0,0,4,200000000,0.6,32,524288
2.02401E+13,1,0,0,0,0,../datasets/books,buckindex,3327945,100000000,3,1,0,0,0,0,0,0,0,0,1866,100,0,0,0,0,4,200000000,0.6,32,1048576
2.02401E+13,1,0,0,0,0,../datasets/books,buckindex,3619733,100000000,3,1,0,0,0,0,0,0,0,0,1866,100,0,0,0,0,4,200000000,0.6,32,2097152
2.02401E+13,1,0,0,0,0,../datasets/books,buckindex,3824588,100000000,3,1,0,0,0,0,0,0,0,0,1866,100,0,0,0,0,4,200000000,0.6,32,4194304
2.02401E+13,1,0,0,0,0,../datasets/books,buckindex,3601482,100000000,3,1,0,0,0,0,0,0,0,0,1866,100,0,0,0,0,4,200000000,0.6,32,8388608



2.02401E+13,1,0,0,0,0,../datasets/books,buckindex,5106634,100000000,2,1,0,0,0,0,0,0,0,0,1866,100,0,0,0,0,4,200000000,0.6,32,16777216
2.02401E+13,1,0,0,0,0,../datasets/books,buckindex,5386161,100000000,2,1,0,0,0,0,0,0,0,0,1866,100,0,0,0,0,4,200000000,0.6,32,33554432
2.02401E+13,0,1,0,0,0,../datasets/fb,buckindex,1202623,100000000,38,1,0,0,0,0,0,0,0,0,1866,100,0,0,0,0,4,200000000,0.6,1,16384
2.02401E+13,0,1,0,0,0,../datasets/fb,buckindex,1396266,100000000,33,1,0,0,0,0,0,0,0,0,1866,100,0,0,0,0,4,200000000,0.6,1,32768
2.02401E+13,0,1,0,0,0,../datasets/fb,buckindex,1546063,100000000,28,1,0,0,0,0,0,0,0,0,1866,100,0,0,0,0,4,200000000,0.6,1,65536
2.02401E+13,0,1,0,0,0,../datasets/fb,buckindex,1610662,100000000,26,1,0,0,0,0,0,0,0,0,1866,100,0,0,0,0,4,200000000,0.6,1,131072
2.02401E+13,0,1,0,0,0,../datasets/fb,buckindex,1672423,100000000,24,1,0,0,0,0,0,0,0,0,1866,100,0,0,0,0,4,200000000,0.6,1,262144
2.02401E+13,0,1,0,0,0,../datasets/fb,buckindex,1613862,100000000,22,1,0,0,0,0,0,0,0,0,1866,100,0,0,0,0,4,200000000,0.6,1,524288
2.02401E+13,0,1,0,0,0,../datasets/fb,buckindex,1533503,100000000,18,1,0,0,0,0,0,0,0,0,1866,100,0,0,0,0,4,200000000,0.6,1,1048576
2.02401E+13,0,1,0,0,0,../datasets/fb,buckindex,1405482,100000000,14,1,0,0,0,0,0,0,0,0,1866,100,0,0,0,0,4,200000000,0.6,1,2097152
2.02401E+13,0,1,0,0,0,../datasets/fb,buckindex,1231346,100000000,11,1,0,0,0,0,0,0,0,0,1866,100,0,0,0,0,4,200000000,0.6,1,4194304
2.02401E+13,0,1,0,0,0,../datasets/fb,buckindex,1062638,100000000,6,1,0,0,0,0,0,0,0,0,1866,100,0,0,0,0,4,200000000,0.6,1,8388608



2.02401E+13,0,1,0,0,0,../datasets/fb,buckindex,828756,100000000,5,1,0,0,0,0,0,0,0,0,1866,100,0,0,0,0,4,200000000,0.6,1,16777216
2.02401E+13,0,1,0,0,0,../datasets/fb,buckindex,621913,100000000,5,1,0,0,0,0,0,0,0,0,1866,100,0,0,0,0,4,200000000,0.6,1,33554432
2.02401E+13,0,1,0,0,0,../datasets/fb,buckindex,1857171,100000000,15,1,0,0,0,0,0,0,0,0,1866,100,0,0,0,0,4,200000000,0.6,2,16384
2.02401E+13,0,1,0,0,0,../datasets/fb,buckindex,1916154,100000000,14,1,0,0,0,0,0,0,0,0,1866,100,0,0,0,0,4,200000000,0.6,2,32768
2.02401E+13,0,1,0,0,0,../datasets/fb,buckindex,2044840,100000000,9,1,0,0,0,0,0,0,0,0,1866,100,0,0,0,0,4,200000000,0.6,2,65536
2.02401E+13,0,1,0,0,0,../datasets/fb,buckindex,2057771,100000000,9,1,0,0,0,0,0,0,0,0,1866,100,0,0,0,0,4,200000000,0.6,2,131072
2.02401E+13,0,1,0,0,0,../datasets/fb,buckindex,2012692,100000000,7,1,0,0,0,0,0,0,0,0,1866,100,0,0,0,0,4,200000000,0.6,2,262144
2.02401E+13,0,1,0,0,0,../datasets/fb,buckindex,1829638,100000000,6,1,0,0,0,0,0,0,0,0,1866,100,0,0,0,0,4,200000000,0.6,2,524288
2.02401E+13,0,1,0,0,0,../datasets/fb,buckindex,1667738,100000000,5,1,0,0,0,0,0,0,0,0,1866,100,0,0,0,0,4,200000000,0.6,2,1048576
2.02401E+13,0,1,0,0,0,../datasets/fb,buckindex,1467278,100000000,6,1,0,0,0,0,0,0,0,0,1866,100,0,0,0,0,4,200000000,0.6,2,2097152
2.02401E+13,0,1,0,0,0,../datasets/fb,buckindex,1266756,100000000,4,1,0,0,0,0,0,0,0,0,1866,100,0,0,0,0,4,200000000,0.6,2,4194304
2.02401E+13,0,1,0,0,0,../datasets/fb,buckindex,1072230,100000000,3,1,0,0,0,0,0,0,0,0,1866,100,0,0,0,0,4,200000000,0.6,2,8388608



2.02401E+13,0,1,0,0,0,../datasets/fb,buckindex,831364,100000000,3,1,0,0,0,0,0,0,0,0,1866,100,0,0,0,0,4,200000000,0.6,2,16777216
2.02401E+13,0,1,0,0,0,../datasets/fb,buckindex,626934,100000000,2,1,0,0,0,0,0,0,0,0,1866,100,0,0,0,0,4,200000000,0.6,2,33554432
2.02401E+13,0,1,0,0,0,../datasets/fb,buckindex,2127435,100000000,7,1,0,0,0,0,0,0,0,0,1866,100,0,0,0,0,4,200000000,0.6,4,16384
2.02401E+13,0,1,0,0,0,../datasets/fb,buckindex,2145444,100000000,7,1,0,0,0,0,0,0,0,0,1866,100,0,0,0,0,4,200000000,0.6,4,32768
2.02401E+13,0,1,0,0,0,../datasets/fb,buckindex,2169815,100000000,5,1,0,0,0,0,0,0,0,0,1866,100,0,0,0,0,4,200000000,0.6,4,65536
2.02401E+13,0,1,0,0,0,../datasets/fb,buckindex,2156373,100000000,5,1,0,0,0,0,0,0,0,0,1866,100,0,0,0,0,4,200000000,0.6,4,131072
2.02401E+13,0,1,0,0,0,../datasets/fb,buckindex,2073213,100000000,5,1,0,0,0,0,0,0,0,0,1866,100,0,0,0,0,4,200000000,0.6,4,262144
2.02401E+13,0,1,0,0,0,../datasets/fb,buckindex,1848147,100000000,4,1,0,0,0,0,0,0,0,0,1866,100,0,0,0,0,4,200000000,0.6,4,524288
2.02401E+13,0,1,0,0,0,../datasets/fb,buckindex,1679741,100000000,3,1,0,0,0,0,0,0,0,0,1866,100,0,0,0,0,4,200000000,0.6,4,1048576
2.02401E+13,0,1,0,0,0,../datasets/fb,buckindex,1489554,100000000,3,1,0,0,0,0,0,0,0,0,1866,100,0,0,0,0,4,200000000,0.6,4,2097152
2.02401E+13,0,1,0,0,0,../datasets/fb,buckindex,1271983,100000000,3,1,0,0,0,0,0,0,0,0,1866,100,0,0,0,0,4,200000000,0.6,4,4194304
2.02401E+13,0,1,0,0,0,../datasets/fb,buckindex,1067154,100000000,3,1,0,0,0,0,0,0,0,0,1866,100,0,0,0,0,4,200000000,0.6,4,8388608



2.02401E+13,0,1,0,0,0,../datasets/fb,buckindex,833162,100000000,2,1,0,0,0,0,0,0,0,0,1866,100,0,0,0,0,4,200000000,0.6,4,16777216
2.02401E+13,0,1,0,0,0,../datasets/fb,buckindex,626298,100000000,2,1,0,0,0,0,0,0,0,0,1866,100,0,0,0,0,4,200000000,0.6,4,33554432
2.02401E+13,0,1,0,0,0,../datasets/fb,buckindex,2207925,100000000,4,1,0,0,0,0,0,0,0,0,1866,100,0,0,0,0,4,200000000,0.6,8,16384
2.02401E+13,0,1,0,0,0,../datasets/fb,buckindex,2163541,100000000,4,1,0,0,0,0,0,0,0,0,1866,100,0,0,0,0,4,200000000,0.6,8,32768
2.02401E+13,0,1,0,0,0,../datasets/fb,buckindex,2190832,100000000,4,1,0,0,0,0,0,0,0,0,1866,100,0,0,0,0,4,200000000,0.6,8,65536
2.02401E+13,0,1,0,0,0,../datasets/fb,buckindex,2197952,100000000,3,1,0,0,0,0,0,0,0,0,1866,100,0,0,0,0,4,200000000,0.6,8,131072
2.02401E+13,0,1,0,0,0,../datasets/fb,buckindex,2078946,100000000,3,1,0,0,0,0,0,0,0,0,1866,100,0,0,0,0,4,200000000,0.6,8,262144
2.02401E+13,0,1,0,0,0,../datasets/fb,buckindex,1863133,100000000,3,1,0,0,0,0,0,0,0,0,1866,100,0,0,0,0,4,200000000,0.6,8,524288
2.02401E+13,0,1,0,0,0,../datasets/fb,buckindex,1664221,100000000,3,1,0,0,0,0,0,0,0,0,1866,100,0,0,0,0,4,200000000,0.6,8,1048576
2.02401E+13,0,1,0,0,0,../datasets/fb,buckindex,1469039,100000000,3,1,0,0,0,0,0,0,0,0,1866,100,0,0,0,0,4,200000000,0.6,8,2097152
2.02401E+13,0,1,0,0,0,../datasets/fb,buckindex,1271199,100000000,2,1,0,0,0,0,0,0,0,0,1866,100,0,0,0,0,4,200000000,0.6,8,4194304
2.02401E+13,0,1,0,0,0,../datasets/fb,buckindex,1071166,100000000,2,1,0,0,0,0,0,0,0,0,1866,100,0,0,0,0,4,200000000,0.6,8,8388608



2.02401E+13,0,1,0,0,0,../datasets/fb,buckindex,826915,100000000,2,1,0,0,0,0,0,0,0,0,1866,100,0,0,0,0,4,200000000,0.6,8,16777216
2.02401E+13,0,1,0,0,0,../datasets/fb,buckindex,625158,100000000,2,1,0,0,0,0,0,0,0,0,1866,100,0,0,0,0,4,200000000,0.6,8,33554432
2.02401E+13,0,1,0,0,0,../datasets/fb,buckindex,2096673,100000000,3,1,0,0,0,0,0,0,0,0,1866,100,0,0,0,0,4,200000000,0.6,16,16384
2.02401E+13,0,1,0,0,0,../datasets/fb,buckindex,2144741,100000000,3,1,0,0,0,0,0,0,0,0,1866,100,0,0,0,0,4,200000000,0.6,16,32768
2.02401E+13,0,1,0,0,0,../datasets/fb,buckindex,2146669,100000000,3,1,0,0,0,0,0,0,0,0,1866,100,0,0,0,0,4,200000000,0.6,16,65536
2.02401E+13,0,1,0,0,0,../datasets/fb,buckindex,2142458,100000000,3,1,0,0,0,0,0,0,0,0,1866,100,0,0,0,0,4,200000000,0.6,16,131072
2.02401E+13,0,1,0,0,0,../datasets/fb,buckindex,2045600,100000000,3,1,0,0,0,0,0,0,0,0,1866,100,0,0,0,0,4,200000000,0.6,16,262144
2.02401E+13,0,1,0,0,0,../datasets/fb,buckindex,1823774,100000000,3,1,0,0,0,0,0,0,0,0,1866,100,0,0,0,0,4,200000000,0.6,16,524288
2.02401E+13,0,1,0,0,0,../datasets/fb,buckindex,1642710,100000000,2,1,0,0,0,0,0,0,0,0,1866,100,0,0,0,0,4,200000000,0.6,16,1048576
2.02401E+13,0,1,0,0,0,../datasets/fb,buckindex,1467921,100000000,2,1,0,0,0,0,0,0,0,0,1866,100,0,0,0,0,4,200000000,0.6,16,2097152
2.02401E+13,0,1,0,0,0,../datasets/fb,buckindex,1242433,100000000,2,1,0,0,0,0,0,0,0,0,1866,100,0,0,0,0,4,200000000,0.6,16,4194304
2.02401E+13,0,1,0,0,0,../datasets/fb,buckindex,1050840,100000000,2,1,0,0,0,0,0,0,0,0,1866,100,0,0,0,0,4,200000000,0.6,16,8388608



2.02401E+13,0,1,0,0,0,../datasets/fb,buckindex,822346,100000000,2,1,0,0,0,0,0,0,0,0,1866,100,0,0,0,0,4,200000000,0.6,16,16777216
2.02401E+13,0,1,0,0,0,../datasets/fb,buckindex,622026,100000000,2,1,0,0,0,0,0,0,0,0,1866,100,0,0,0,0,4,200000000,0.6,16,33554432
2.02401E+13,0,1,0,0,0,../datasets/fb,buckindex,1881138,100000000,3,1,0,0,0,0,0,0,0,0,1866,100,0,0,0,0,4,200000000,0.6,32,16384
2.02401E+13,0,1,0,0,0,../datasets/fb,buckindex,1911250,100000000,3,1,0,0,0,0,0,0,0,0,1866,100,0,0,0,0,4,200000000,0.6,32,32768
2.02401E+13,0,1,0,0,0,../datasets/fb,buckindex,1918660,100000000,3,1,0,0,0,0,0,0,0,0,1866,100,0,0,0,0,4,200000000,0.6,32,65536
2.02401E+13,0,1,0,0,0,../datasets/fb,buckindex,1947867,100000000,3,1,0,0,0,0,0,0,0,0,1866,100,0,0,0,0,4,200000000,0.6,32,131072
2.02401E+13,0,1,0,0,0,../datasets/fb,buckindex,1880250,100000000,2,1,0,0,0,0,0,0,0,0,1866,100,0,0,0,0,4,200000000,0.6,32,262144
2.02401E+13,0,1,0,0,0,../datasets/fb,buckindex,1694639,100000000,2,1,0,0,0,0,0,0,0,0,1866,100,0,0,0,0,4,200000000,0.6,32,524288
2.02401E+13,0,1,0,0,0,../datasets/fb,buckindex,1553152,100000000,2,1,0,0,0,0,0,0,0,0,1866,100,0,0,0,0,4,200000000,0.6,32,1048576
2.02401E+13,0,1,0,0,0,../datasets/fb,buckindex,1390112,100000000,2,1,0,0,0,0,0,0,0,0,1866,100,0,0,0,0,4,200000000,0.6,32,2097152
2.02401E+13,0,1,0,0,0,../datasets/fb,buckindex,1186159,100000000,2,1,0,0,0,0,0,0,0,0,1866,100,0,0,0,0,4,200000000,0.6,32,4194304
2.02401E+13,0,1,0,0,0,../datasets/fb,buckindex,1022055,100000000,2,1,0,0,0,0,0,0,0,0,1866,100,0,0,0,0,4,200000000,0.6,32,8388608



2.02401E+13,0,1,0,0,0,../datasets/fb,buckindex,810405,100000000,2,1,0,0,0,0,0,0,0,0,1866,100,0,0,0,0,4,200000000,0.6,32,16777216
2.02401E+13,0,1,0,0,0,../datasets/fb,buckindex,618135,100000000,2,1,0,0,0,0,0,0,0,0,1866,100,0,0,0,0,4,200000000,0.6,32,33554432
2.02401E+13,0,1,0,0,0,../datasets/osm,buckindex,1170438,100000000,41,1,0,0,0,0,0,0,0,0,1866,100,0,0,0,0,4,200000000,0.6,1,16384
2.02401E+13,0,1,0,0,0,../datasets/osm,buckindex,1362403,100000000,30,1,0,0,0,0,0,0,0,0,1866,100,0,0,0,0,4,200000000,0.6,1,32768
2.02401E+13,0,1,0,0,0,../datasets/osm,buckindex,1411581,100000000,34,1,0,0,0,0,0,0,0,0,1866,100,0,0,0,0,4,200000000,0.6,1,65536
2.02401E+13,0,1,0,0,0,../datasets/osm,buckindex,1602134,100000000,22,1,0,0,0,0,0,0,0,0,1866,100,0,0,0,0,4,200000000,0.6,1,131072
2.02401E+13,0,1,0,0,0,../datasets/osm,buckindex,1640299,100000000,20,1,0,0,0,0,0,0,0,0,1866,100,0,0,0,0,4,200000000,0.6,1,262144
2.02401E+13,0,1,0,0,0,../datasets/osm,buckindex,1560793,100000000,19,1,0,0,0,0,0,0,0,0,1866,100,0,0,0,0,4,200000000,0.6,1,524288
2.02401E+13,0,1,0,0,0,../datasets/osm,buckindex,1513732,100000000,14,1,0,0,0,0,0,0,0,0,1866,100,0,0,0,0,4,200000000,0.6,1,1048576
2.02401E+13,0,1,0,0,0,../datasets/osm,buckindex,1379795,100000000,15,1,0,0,0,0,0,0,0,0,1866,100,0,0,0,0,4,200000000,0.6,1,2097152
2.02401E+13,0,1,0,0,0,../datasets/osm,buckindex,1193518,100000000,13,1,0,0,0,0,0,0,0,0,1866,100,0,0,0,0,4,200000000,0.6,1,4194304
2.02401E+13,0,1,0,0,0,../datasets/osm,buckindex,984098,100000000,7,1,0,0,0,0,0,0,0,0,1866,100,0,0,0,0,4,200000000,0.6,1,8388608



2.02401E+13,0,1,0,0,0,../datasets/osm,buckindex,750316,100000000,6,1,0,0,0,0,0,0,0,0,1866,100,0,0,0,0,4,200000000,0.6,1,16777216
2.02401E+13,0,1,0,0,0,../datasets/osm,buckindex,608426,100000000,4,1,0,0,0,0,0,0,0,0,1866,100,0,0,0,0,4,200000000,0.6,1,33554432
2.02401E+13,0,1,0,0,0,../datasets/osm,buckindex,1594196,100000000,18,1,0,0,0,0,0,0,0,0,1866,100,0,0,0,0,4,200000000,0.6,2,16384
2.02401E+13,0,1,0,0,0,../datasets/osm,buckindex,1703286,100000000,16,1,0,0,0,0,0,0,0,0,1866,100,0,0,0,0,4,200000000,0.6,2,32768
2.02401E+13,0,1,0,0,0,../datasets/osm,buckindex,1794333,100000000,15,1,0,0,0,0,0,0,0,0,1866,100,0,0,0,0,4,200000000,0.6,2,65536
2.02401E+13,0,1,0,0,0,../datasets/osm,buckindex,1805407,100000000,13,1,0,0,0,0,0,0,0,0,1866,100,0,0,0,0,4,200000000,0.6,2,131072
2.02401E+13,0,1,0,0,0,../datasets/osm,buckindex,1804888,100000000,10,1,0,0,0,0,0,0,0,0,1866,100,0,0,0,0,4,200000000,0.6,2,262144
2.02401E+13,0,1,0,0,0,../datasets/osm,buckindex,1638469,100000000,12,1,0,0,0,0,0,0,0,0,1866,100,0,0,0,0,4,200000000,0.6,2,524288
2.02401E+13,0,1,0,0,0,../datasets/osm,buckindex,1577149,100000000,8,1,0,0,0,0,0,0,0,0,1866,100,0,0,0,0,4,200000000,0.6,2,1048576
2.02401E+13,0,1,0,0,0,../datasets/osm,buckindex,1432572,100000000,7,1,0,0,0,0,0,0,0,0,1866,100,0,0,0,0,4,200000000,0.6,2,2097152
2.02401E+13,0,1,0,0,0,../datasets/osm,buckindex,1229352,100000000,6,1,0,0,0,0,0,0,0,0,1866,100,0,0,0,0,4,200000000,0.6,2,4194304
2.02401E+13,0,1,0,0,0,../datasets/osm,buckindex,985626,100000000,5,1,0,0,0,0,0,0,0,0,1866,100,0,0,0,0,4,200000000,0.6,2,8388608



2.02401E+13,0,1,0,0,0,../datasets/osm,buckindex,750724,100000000,4,1,0,0,0,0,0,0,0,0,1866,100,0,0,0,0,4,200000000,0.6,2,16777216
2.02401E+13,0,1,0,0,0,../datasets/osm,buckindex,608591,100000000,3,1,0,0,0,0,0,0,0,0,1866,100,0,0,0,0,4,200000000,0.6,2,33554432
2.02401E+13,0,1,0,0,0,../datasets/osm,buckindex,1827909,100000000,9,1,0,0,0,0,0,0,0,0,1866,100,0,0,0,0,4,200000000,0.6,4,16384
2.02401E+13,0,1,0,0,0,../datasets/osm,buckindex,1873305,100000000,8,1,0,0,0,0,0,0,0,0,1866,100,0,0,0,0,4,200000000,0.6,4,32768
2.02401E+13,0,1,0,0,0,../datasets/osm,buckindex,1904930,100000000,8,1,0,0,0,0,0,0,0,0,1866,100,0,0,0,0,4,200000000,0.6,4,65536
2.02401E+13,0,1,0,0,0,../datasets/osm,buckindex,1898430,100000000,7,1,0,0,0,0,0,0,0,0,1866,100,0,0,0,0,4,200000000,0.6,4,131072
2.02401E+13,0,1,0,0,0,../datasets/osm,buckindex,1891150,100000000,6,1,0,0,0,0,0,0,0,0,1866,100,0,0,0,0,4,200000000,0.6,4,262144
2.02401E+13,0,1,0,0,0,../datasets/osm,buckindex,1720767,100000000,6,1,0,0,0,0,0,0,0,0,1866,100,0,0,0,0,4,200000000,0.6,4,524288
2.02401E+13,0,1,0,0,0,../datasets/osm,buckindex,1613353,100000000,5,1,0,0,0,0,0,0,0,0,1866,100,0,0,0,0,4,200000000,0.6,4,1048576
2.02401E+13,0,1,0,0,0,../datasets/osm,buckindex,1444165,100000000,5,1,0,0,0,0,0,0,0,0,1866,100,0,0,0,0,4,200000000,0.6,4,2097152
2.02401E+13,0,1,0,0,0,../datasets/osm,buckindex,1223816,100000000,5,1,0,0,0,0,0,0,0,0,1866,100,0,0,0,0,4,200000000,0.6,4,4194304
2.02401E+13,0,1,0,0,0,../datasets/osm,buckindex,985772,100000000,4,1,0,0,0,0,0,0,0,0,1866,100,0,0,0,0,4,200000000,0.6,4,8388608



2.02401E+13,0,1,0,0,0,../datasets/osm,buckindex,753073,100000000,3,1,0,0,0,0,0,0,0,0,1866,100,0,0,0,0,4,200000000,0.6,4,16777216
2.02401E+13,0,1,0,0,0,../datasets/osm,buckindex,608663,100000000,3,1,0,0,0,0,0,0,0,0,1866,100,0,0,0,0,4,200000000,0.6,4,33554432
2.02401E+13,0,1,0,0,0,../datasets/osm,buckindex,1787266,100000000,6,1,0,0,0,0,0,0,0,0,1866,100,0,0,0,0,4,200000000,0.6,8,16384
2.02401E+13,0,1,0,0,0,../datasets/osm,buckindex,1803586,100000000,6,1,0,0,0,0,0,0,0,0,1866,100,0,0,0,0,4,200000000,0.6,8,32768
2.02401E+13,0,1,0,0,0,../datasets/osm,buckindex,1868550,100000000,6,1,0,0,0,0,0,0,0,0,1866,100,0,0,0,0,4,200000000,0.6,8,65536
2.02401E+13,0,1,0,0,0,../datasets/osm,buckindex,1882660,100000000,5,1,0,0,0,0,0,0,0,0,1866,100,0,0,0,0,4,200000000,0.6,8,131072
2.02401E+13,0,1,0,0,0,../datasets/osm,buckindex,1829927,100000000,5,1,0,0,0,0,0,0,0,0,1866,100,0,0,0,0,4,200000000,0.6,8,262144
2.02401E+13,0,1,0,0,0,../datasets/osm,buckindex,1680944,100000000,4,1,0,0,0,0,0,0,0,0,1866,100,0,0,0,0,4,200000000,0.6,8,524288
2.02401E+13,0,1,0,0,0,../datasets/osm,buckindex,1578563,100000000,4,1,0,0,0,0,0,0,0,0,1866,100,0,0,0,0,4,200000000,0.6,8,1048576
2.02401E+13,0,1,0,0,0,../datasets/osm,buckindex,1414026,100000000,4,1,0,0,0,0,0,0,0,0,1866,100,0,0,0,0,4,200000000,0.6,8,2097152
2.02401E+13,0,1,0,0,0,../datasets/osm,buckindex,1213023,100000000,4,1,0,0,0,0,0,0,0,0,1866,100,0,0,0,0,4,200000000,0.6,8,4194304
2.02401E+13,0,1,0,0,0,../datasets/osm,buckindex,978832,100000000,3,1,0,0,0,0,0,0,0,0,1866,100,0,0,0,0,4,200000000,0.6,8,8388608



2.02401E+13,0,1,0,0,0,../datasets/osm,buckindex,749807,100000000,3,1,0,0,0,0,0,0,0,0,1866,100,0,0,0,0,4,200000000,0.6,8,16777216
2.02401E+13,0,1,0,0,0,../datasets/osm,buckindex,609756,100000000,2,1,0,0,0,0,0,0,0,0,1866,100,0,0,0,0,4,200000000,0.6,8,33554432
2.02401E+13,0,1,0,0,0,../datasets/osm,buckindex,1654337,100000000,5,1,0,0,0,0,0,0,0,0,1866,100,0,0,0,0,4,200000000,0.6,16,16384
2.02401E+13,0,1,0,0,0,../datasets/osm,buckindex,1649477,100000000,5,1,0,0,0,0,0,0,0,0,1866,100,0,0,0,0,4,200000000,0.6,16,32768
2.02401E+13,0,1,0,0,0,../datasets/osm,buckindex,1749845,100000000,4,1,0,0,0,0,0,0,0,0,1866,100,0,0,0,0,4,200000000,0.6,16,65536
2.02401E+13,0,1,0,0,0,../datasets/osm,buckindex,1729995,100000000,4,1,0,0,0,0,0,0,0,0,1866,100,0,0,0,0,4,200000000,0.6,16,131072
2.02401E+13,0,1,0,0,0,../datasets/osm,buckindex,1704991,100000000,4,1,0,0,0,0,0,0,0,0,1866,100,0,0,0,0,4,200000000,0.6,16,262144
2.02401E+13,0,1,0,0,0,../datasets/osm,buckindex,1607112,100000000,4,1,0,0,0,0,0,0,0,0,1866,100,0,0,0,0,4,200000000,0.6,16,524288
2.02401E+13,0,1,0,0,0,../datasets/osm,buckindex,1536490,100000000,3,1,0,0,0,0,0,0,0,0,1866,100,0,0,0,0,4,200000000,0.6,16,1048576
2.02401E+13,0,1,0,0,0,../datasets/osm,buckindex,1395361,100000000,3,1,0,0,0,0,0,0,0,0,1866,100,0,0,0,0,4,200000000,0.6,16,2097152
2.02401E+13,0,1,0,0,0,../datasets/osm,buckindex,1188119,100000000,3,1,0,0,0,0,0,0,0,0,1866,100,0,0,0,0,4,200000000,0.6,16,4194304
2.02401E+13,0,1,0,0,0,../datasets/osm,buckindex,970097,100000000,3,1,0,0,0,0,0,0,0,0,1866,100,0,0,0,0,4,200000000,0.6,16,8388608



2.02401E+13,0,1,0,0,0,../datasets/osm,buckindex,750266,100000000,2,1,0,0,0,0,0,0,0,0,1866,100,0,0,0,0,4,200000000,0.6,16,16777216
2.02401E+13,0,1,0,0,0,../datasets/osm,buckindex,608058,100000000,2,1,0,0,0,0,0,0,0,0,1866,100,0,0,0,0,4,200000000,0.6,16,33554432
2.02401E+13,0,1,0,0,0,../datasets/osm,buckindex,1458649,100000000,5,1,0,0,0,0,0,0,0,0,1866,100,0,0,0,0,4,200000000,0.6,32,16384
2.02401E+13,0,1,0,0,0,../datasets/osm,buckindex,1484256,100000000,5,1,0,0,0,0,0,0,0,0,1866,100,0,0,0,0,4,200000000,0.6,32,32768
2.02401E+13,0,1,0,0,0,../datasets/osm,buckindex,1573251,100000000,4,1,0,0,0,0,0,0,0,0,1866,100,0,0,0,0,4,200000000,0.6,32,65536
2.02401E+13,0,1,0,0,0,../datasets/osm,buckindex,1554408,100000000,4,1,0,0,0,0,0,0,0,0,1866,100,0,0,0,0,4,200000000,0.6,32,131072
2.02401E+13,0,1,0,0,0,../datasets/osm,buckindex,1517453,100000000,4,1,0,0,0,0,0,0,0,0,1866,100,0,0,0,0,4,200000000,0.6,32,262144
2.02401E+13,0,1,0,0,0,../datasets/osm,buckindex,1401700,100000000,4,1,0,0,0,0,0,0,0,0,1866,100,0,0,0,0,4,200000000,0.6,32,524288
2.02401E+13,0,1,0,0,0,../datasets/osm,buckindex,1419216,100000000,3,1,0,0,0,0,0,0,0,0,1866,100,0,0,0,0,4,200000000,0.6,32,1048576
2.02401E+13,0,1,0,0,0,../datasets/osm,buckindex,1330711,100000000,3,1,0,0,0,0,0,0,0,0,1866,100,0,0,0,0,4,200000000,0.6,32,2097152
2.02401E+13,0,1,0,0,0,../datasets/osm,buckindex,1156541,100000000,3,1,0,0,0,0,0,0,0,0,1866,100,0,0,0,0,4,200000000,0.6,32,4194304
2.02401E+13,0,1,0,0,0,../datasets/osm,buckindex,944094,100000000,3,1,0,0,0,0,0,0,0,0,1866,100,0,0,0,0,4,200000000,0.6,32,8388608



2.02401E+13,0,1,0,0,0,../datasets/osm,buckindex,738890,100000000,2,1,0,0,0,0,0,0,0,0,1866,100,0,0,0,0,4,200000000,0.6,32,16777216
2.02401E+13,0,1,0,0,0,../datasets/osm,buckindex,601491,100000000,2,1,0,0,0,0,0,0,0,0,1866,100,0,0,0,0,4,200000000,0.6,32,33554432
2.02401E+13,0,1,0,0,0,../datasets/books,buckindex,1449951,100000000,38,1,0,0,0,0,0,0,0,0,1866,100,0,0,0,0,4,200000000,0.6,1,32768
2.02401E+13,0,1,0,0,0,../datasets/books,buckindex,1489052,100000000,32,1,0,0,0,0,0,0,0,0,1866,100,0,0,0,0,4,200000000,0.6,1,65536
2.02401E+13,0,1,0,0,0,../datasets/books,buckindex,1599132,100000000,27,1,0,0,0,0,0,0,0,0,1866,100,0,0,0,0,4,200000000,0.6,1,131072
2.02401E+13,0,1,0,0,0,../datasets/books,buckindex,1574730,100000000,31,1,0,0,0,0,0,0,0,0,1866,100,0,0,0,0,4,200000000,0.6,1,262144
2.02401E+13,0,1,0,0,0,../datasets/books,buckindex,1627777,100000000,17,1,0,0,0,0,0,0,0,0,1866,100,0,0,0,0,4,200000000,0.6,1,524288
2.02401E+13,0,1,0,0,0,../datasets/books,buckindex,1473006,100000000,21,1,0,0,0,0,0,0,0,0,1866,100,0,0,0,0,4,200000000,0.6,1,1048576
2.02401E+13,0,1,0,0,0,../datasets/books,buckindex,1350805,100000000,14,1,0,0,0,0,0,0,0,0,1866,100,0,0,0,0,4,200000000,0.6,1,2097152
2.02401E+13,0,1,0,0,0,../datasets/books,buckindex,1232164,100000000,9,1,0,0,0,0,0,0,0,0,1866,100,0,0,0,0,4,200000000,0.6,1,4194304
2.02401E+13,0,1,0,0,0,../datasets/books,buckindex,1038853,100000000,9,1,0,0,0,0,0,0,0,0,1866,100,0,0,0,0,4,200000000,0.6,1,8388608



2.02401E+13,0,1,0,0,0,../datasets/books,buckindex,827208,100000000,6,1,0,0,0,0,0,0,0,0,1866,100,0,0,0,0,4,200000000,0.6,1,16777216
2.02401E+13,0,1,0,0,0,../datasets/books,buckindex,662766,100000000,4,1,0,0,0,0,0,0,0,0,1866,100,0,0,0,0,4,200000000,0.6,1,33554432
2.02401E+13,0,1,0,0,0,../datasets/books,buckindex,1867977,100000000,14,1,0,0,0,0,0,0,0,0,1866,100,0,0,0,0,4,200000000,0.6,2,16384
2.02401E+13,0,1,0,0,0,../datasets/books,buckindex,1947887,100000000,12,1,0,0,0,0,0,0,0,0,1866,100,0,0,0,0,4,200000000,0.6,2,32768
2.02401E+13,0,1,0,0,0,../datasets/books,buckindex,1971678,100000000,11,1,0,0,0,0,0,0,0,0,1866,100,0,0,0,0,4,200000000,0.6,2,65536
2.02401E+13,0,1,0,0,0,../datasets/books,buckindex,1977933,100000000,10,1,0,0,0,0,0,0,0,0,1866,100,0,0,0,0,4,200000000,0.6,2,131072
2.02401E+13,0,1,0,0,0,../datasets/books,buckindex,1960205,100000000,7,1,0,0,0,0,0,0,0,0,1866,100,0,0,0,0,4,200000000,0.6,2,262144
2.02401E+13,0,1,0,0,0,../datasets/books,buckindex,1757376,100000000,8,1,0,0,0,0,0,0,0,0,1866,100,0,0,0,0,4,200000000,0.6,2,524288
2.02401E+13,0,1,0,0,0,../datasets/books,buckindex,1619134,100000000,6,1,0,0,0,0,0,0,0,0,1866,100,0,0,0,0,4,200000000,0.6,2,1048576
2.02401E+13,0,1,0,0,0,../datasets/books,buckindex,1412744,100000000,5,1,0,0,0,0,0,0,0,0,1866,100,0,0,0,0,4,200000000,0.6,2,2097152
2.02401E+13,0,1,0,0,0,../datasets/books,buckindex,1264085,100000000,4,1,0,0,0,0,0,0,0,0,1866,100,0,0,0,0,4,200000000,0.6,2,4194304
2.02401E+13,0,1,0,0,0,../datasets/books,buckindex,1056451,100000000,4,1,0,0,0,0,0,0,0,0,1866,100,0,0,0,0,4,200000000,0.6,2,8388608



2.02401E+13,0,1,0,0,0,../datasets/books,buckindex,833620,100000000,3,1,0,0,0,0,0,0,0,0,1866,100,0,0,0,0,4,200000000,0.6,2,16777216
2.02401E+13,0,1,0,0,0,../datasets/books,buckindex,665294,100000000,3,1,0,0,0,0,0,0,0,0,1866,100,0,0,0,0,4,200000000,0.6,2,33554432
2.02401E+13,0,1,0,0,0,../datasets/books,buckindex,2165000,100000000,6,1,0,0,0,0,0,0,0,0,1866,100,0,0,0,0,4,200000000,0.6,4,16384
2.02401E+13,0,1,0,0,0,../datasets/books,buckindex,2177785,100000000,6,1,0,0,0,0,0,0,0,0,1866,100,0,0,0,0,4,200000000,0.6,4,32768
2.02401E+13,0,1,0,0,0,../datasets/books,buckindex,2147618,100000000,6,1,0,0,0,0,0,0,0,0,1866,100,0,0,0,0,4,200000000,0.6,4,65536
2.02401E+13,0,1,0,0,0,../datasets/books,buckindex,2109368,100000000,5,1,0,0,0,0,0,0,0,0,1866,100,0,0,0,0,4,200000000,0.6,4,131072
2.02401E+13,0,1,0,0,0,../datasets/books,buckindex,1993564,100000000,5,1,0,0,0,0,0,0,0,0,1866,100,0,0,0,0,4,200000000,0.6,4,262144
2.02401E+13,0,1,0,0,0,../datasets/books,buckindex,1784253,100000000,4,1,0,0,0,0,0,0,0,0,1866,100,0,0,0,0,4,200000000,0.6,4,524288
2.02401E+13,0,1,0,0,0,../datasets/books,buckindex,1632622,100000000,4,1,0,0,0,0,0,0,0,0,1866,100,0,0,0,0,4,200000000,0.6,4,1048576
2.02401E+13,0,1,0,0,0,../datasets/books,buckindex,1412979,100000000,4,1,0,0,0,0,0,0,0,0,1866,100,0,0,0,0,4,200000000,0.6,4,2097152
2.02401E+13,0,1,0,0,0,../datasets/books,buckindex,1259421,100000000,3,1,0,0,0,0,0,0,0,0,1866,100,0,0,0,0,4,200000000,0.6,4,4194304
2.02401E+13,0,1,0,0,0,../datasets/books,buckindex,1054993,100000000,3,1,0,0,0,0,0,0,0,0,1866,100,0,0,0,0,4,200000000,0.6,4,8388608



2.02401E+13,0,1,0,0,0,../datasets/books,buckindex,830358,100000000,3,1,0,0,0,0,0,0,0,0,1866,100,0,0,0,0,4,200000000,0.6,4,16777216
2.02401E+13,0,1,0,0,0,../datasets/books,buckindex,665706,100000000,2,1,0,0,0,0,0,0,0,0,1866,100,0,0,0,0,4,200000000,0.6,4,33554432
2.02401E+13,0,1,0,0,0,../datasets/books,buckindex,2235085,100000000,4,1,0,0,0,0,0,0,0,0,1866,100,0,0,0,0,4,200000000,0.6,8,16384
2.02401E+13,0,1,0,0,0,../datasets/books,buckindex,2182461,100000000,4,1,0,0,0,0,0,0,0,0,1866,100,0,0,0,0,4,200000000,0.6,8,32768
2.02401E+13,0,1,0,0,0,../datasets/books,buckindex,2160543,100000000,4,1,0,0,0,0,0,0,0,0,1866,100,0,0,0,0,4,200000000,0.6,8,65536
2.02401E+13,0,1,0,0,0,../datasets/books,buckindex,2091948,100000000,4,1,0,0,0,0,0,0,0,0,1866,100,0,0,0,0,4,200000000,0.6,8,131072
2.02401E+13,0,1,0,0,0,../datasets/books,buckindex,1964626,100000000,4,1,0,0,0,0,0,0,0,0,1866,100,0,0,0,0,4,200000000,0.6,8,262144
2.02401E+13,0,1,0,0,0,../datasets/books,buckindex,1765243,100000000,3,1,0,0,0,0,0,0,0,0,1866,100,0,0,0,0,4,200000000,0.6,8,524288
2.02401E+13,0,1,0,0,0,../datasets/books,buckindex,1605863,100000000,3,1,0,0,0,0,0,0,0,0,1866,100,0,0,0,0,4,200000000,0.6,8,1048576
2.02401E+13,0,1,0,0,0,../datasets/books,buckindex,1395104,100000000,3,1,0,0,0,0,0,0,0,0,1866,100,0,0,0,0,4,200000000,0.6,8,2097152
2.02401E+13,0,1,0,0,0,../datasets/books,buckindex,1242973,100000000,3,1,0,0,0,0,0,0,0,0,1866,100,0,0,0,0,4,200000000,0.6,8,4194304
2.02401E+13,0,1,0,0,0,../datasets/books,buckindex,1039792,100000000,3,1,0,0,0,0,0,0,0,0,1866,100,0,0,0,0,4,200000000,0.6,8,8388608



2.02401E+13,0,1,0,0,0,../datasets/books,buckindex,827271,100000000,3,1,0,0,0,0,0,0,0,0,1866,100,0,0,0,0,4,200000000,0.6,8,16777216
2.02401E+13,0,1,0,0,0,../datasets/books,buckindex,664308,100000000,2,1,0,0,0,0,0,0,0,0,1866,100,0,0,0,0,4,200000000,0.6,8,33554432
2.02401E+13,0,1,0,0,0,../datasets/books,buckindex,2120526,100000000,4,1,0,0,0,0,0,0,0,0,1866,100,0,0,0,0,4,200000000,0.6,16,16384
2.02401E+13,0,1,0,0,0,../datasets/books,buckindex,2119046,100000000,3,1,0,0,0,0,0,0,0,0,1866,100,0,0,0,0,4,200000000,0.6,16,32768
2.02401E+13,0,1,0,0,0,../datasets/books,buckindex,2053749,100000000,3,1,0,0,0,0,0,0,0,0,1866,100,0,0,0,0,4,200000000,0.6,16,65536
2.02401E+13,0,1,0,0,0,../datasets/books,buckindex,1989797,100000000,3,1,0,0,0,0,0,0,0,0,1866,100,0,0,0,0,4,200000000,0.6,16,131072
2.02401E+13,0,1,0,0,0,../datasets/books,buckindex,1861522,100000000,3,1,0,0,0,0,0,0,0,0,1866,100,0,0,0,0,4,200000000,0.6,16,262144
2.02401E+13,0,1,0,0,0,../datasets/books,buckindex,1704902,100000000,3,1,0,0,0,0,0,0,0,0,1866,100,0,0,0,0,4,200000000,0.6,16,524288
2.02401E+13,0,1,0,0,0,../datasets/books,buckindex,1550095,100000000,3,1,0,0,0,0,0,0,0,0,1866,100,0,0,0,0,4,200000000,0.6,16,1048576
2.02401E+13,0,1,0,0,0,../datasets/books,buckindex,1357076,100000000,3,1,0,0,0,0,0,0,0,0,1866,100,0,0,0,0,4,200000000,0.6,16,2097152
2.02401E+13,0,1,0,0,0,../datasets/books,buckindex,1222841,100000000,3,1,0,0,0,0,0,0,0,0,1866,100,0,0,0,0,4,200000000,0.6,16,4194304
2.02401E+13,0,1,0,0,0,../datasets/books,buckindex,1022163,100000000,3,1,0,0,0,0,0,0,0,0,1866,100,0,0,0,0,4,200000000,0.6,16,8388608



2.02401E+13,0,1,0,0,0,../datasets/books,buckindex,826079,100000000,2,1,0,0,0,0,0,0,0,0,1866,100,0,0,0,0,4,200000000,0.6,16,16777216
2.02401E+13,0,1,0,0,0,../datasets/books,buckindex,660550,100000000,2,1,0,0,0,0,0,0,0,0,1866,100,0,0,0,0,4,200000000,0.6,16,33554432
2.02401E+13,0,1,0,0,0,../datasets/books,buckindex,1810071,100000000,3,1,0,0,0,0,0,0,0,0,1866,100,0,0,0,0,4,200000000,0.6,32,16384
2.02401E+13,0,1,0,0,0,../datasets/books,buckindex,1835921,100000000,3,1,0,0,0,0,0,0,0,0,1866,100,0,0,0,0,4,200000000,0.6,32,32768
2.02401E+13,0,1,0,0,0,../datasets/books,buckindex,1822880,100000000,3,1,0,0,0,0,0,0,0,0,1866,100,0,0,0,0,4,200000000,0.6,32,65536
2.02401E+13,0,1,0,0,0,../datasets/books,buckindex,1767857,100000000,3,1,0,0,0,0,0,0,0,0,1866,100,0,0,0,0,4,200000000,0.6,32,131072
2.02401E+13,0,1,0,0,0,../datasets/books,buckindex,1701805,100000000,3,1,0,0,0,0,0,0,0,0,1866,100,0,0,0,0,4,200000000,0.6,32,262144
2.02401E+13,0,1,0,0,0,../datasets/books,buckindex,1531396,100000000,3,1,0,0,0,0,0,0,0,0,1866,100,0,0,0,0,4,200000000,0.6,32,524288
2.02401E+13,0,1,0,0,0,../datasets/books,buckindex,1414175,100000000,3,1,0,0,0,0,0,0,0,0,1866,100,0,0,0,0,4,200000000,0.6,32,1048576
2.02401E+13,0,1,0,0,0,../datasets/books,buckindex,1275013,100000000,3,1,0,0,0,0,0,0,0,0,1866,100,0,0,0,0,4,200000000,0.6,32,2097152
2.02401E+13,0,1,0,0,0,../datasets/books,buckindex,1170289,100000000,3,1,0,0,0,0,0,0,0,0,1866,100,0,0,0,0,4,200000000,0.6,32,4194304
2.02401E+13,0,1,0,0,0,../datasets/books,buckindex,994952,100000000,3,1,0,0,0,0,0,0,0,0,1866,100,0,0,0,0,4,200000000,0.6,32,8388608



2.02401E+13,0,1,0,0,0,../datasets/books,buckindex,818570,100000000,2,1,0,0,0,0,0,0,0,0,1866,100,0,0,0,0,4,200000000,0.6,32,16777216
2.02401E+13,0,1,0,0,0,../datasets/books,buckindex,654818,100000000,2,1,0,0,0,0,0,0,0,0,1866,100,0,0,0,0,4,200000000,0.6,32,33554432
2.02401E+13,0.5,0.5,0,0,0,../datasets/fb,buckindex,4075636,100000000,3,1,0,0,0,0,0,0,0,0,1866,100,0,0,0,0,4,200000000,0.6,1,16384
2.02401E+13,0.5,0.5,0,0,0,../datasets/fb,buckindex,4042486,100000000,3,1,0,0,0,0,0,0,0,0,1866,100,0,0,0,0,4,200000000,0.6,1,32768
2.02401E+13,0.5,0.5,0,0,0,../datasets/fb,buckindex,4084253,100000000,3,1,0,0,0,0,0,0,0,0,1866,100,0,0,0,0,4,200000000,0.6,1,65536
2.02401E+13,0.5,0.5,0,0,0,../datasets/fb,buckindex,4776669,100000000,2,1,0,0,0,0,0,0,0,0,1866,100,0,0,0,0,4,200000000,0.6,1,131072
2.02401E+13,0.5,0.5,0,0,0,../datasets/fb,buckindex,4852454,100000000,2,1,0,0,0,0,0,0,0,0,1866,100,0,0,0,0,4,200000000,0.6,1,262144
2.02401E+13,0.5,0.5,0,0,0,../datasets/fb,buckindex,5071970,100000000,2,1,0,0,0,0,0,0,0,0,1866,100,0,0,0,0,4,200000000,0.6,1,524288
2.02401E+13,0.5,0.5,0,0,0,../datasets/fb,buckindex,5324336,100000000,2,1,0,0,0,0,0,0,0,0,1866,100,0,0,0,0,4,200000000,0.6,1,1048576
2.02401E+13,0.5,0.5,0,0,0,../datasets/fb,buckindex,5441711,100000000,2,1,0,0,0,0,0,0,0,0,1866,100,0,0,0,0,4,200000000,0.6,1,2097152
2.02401E+13,0.5,0.5,0,0,0,../datasets/fb,buckindex,5755468,100000000,2,1,0,0,0,0,0,0,0,0,1866,100,0,0,0,0,4,200000000,0.6,1,4194304
2.02401E+13,0.5,0.5,0,0,0,../datasets/fb,buckindex,5616412,100000000,2,1,0,0,0,0,0,0,0,0,1866,100,0,0,0,0,4,200000000,0.6,1,8388608



2.02401E+13,0.5,0.5,0,0,0,../datasets/fb,buckindex,5858731,100000000,2,1,0,0,0,0,0,0,0,0,1866,100,0,0,0,0,4,200000000,0.6,1,16777216
2.02401E+13,0.5,0.5,0,0,0,../datasets/fb,buckindex,5760140,100000000,2,1,0,0,0,0,0,0,0,0,1866,100,0,0,0,0,4,200000000,0.6,1,33554432
2.02401E+13,0.5,0.5,0,0,0,../datasets/fb,buckindex,3953578,100000000,3,1,0,0,0,0,0,0,0,0,1866,100,0,0,0,0,4,200000000,0.6,2,16384
2.02401E+13,0.5,0.5,0,0,0,../datasets/fb,buckindex,3946733,100000000,3,1,0,0,0,0,0,0,0,0,1866,100,0,0,0,0,4,200000000,0.6,2,32768
2.02401E+13,0.5,0.5,0,0,0,../datasets/fb,buckindex,3985362,100000000,3,1,0,0,0,0,0,0,0,0,1866,100,0,0,0,0,4,200000000,0.6,2,65536
2.02401E+13,0.5,0.5,0,0,0,../datasets/fb,buckindex,4699598,100000000,2,1,0,0,0,0,0,0,0,0,1866,100,0,0,0,0,4,200000000,0.6,2,131072
2.02401E+13,0.5,0.5,0,0,0,../datasets/fb,buckindex,4688975,100000000,2,1,0,0,0,0,0,0,0,0,1866,100,0,0,0,0,4,200000000,0.6,2,262144
2.02401E+13,0.5,0.5,0,0,0,../datasets/fb,buckindex,4780115,100000000,2,1,0,0,0,0,0,0,0,0,1866,100,0,0,0,0,4,200000000,0.6,2,524288
2.02401E+13,0.5,0.5,0,0,0,../datasets/fb,buckindex,5232178,100000000,2,1,0,0,0,0,0,0,0,0,1866,100,0,0,0,0,4,200000000,0.6,2,1048576
2.02401E+13,0.5,0.5,0,0,0,../datasets/fb,buckindex,5366344,100000000,2,1,0,0,0,0,0,0,0,0,1866,100,0,0,0,0,4,200000000,0.6,2,2097152
2.02401E+13,0.5,0.5,0,0,0,../datasets/fb,buckindex,5521946,100000000,2,1,0,0,0,0,0,0,0,0,1866,100,0,0,0,0,4,200000000,0.6,2,4194304
2.02401E+13,0.5,0.5,0,0,0,../datasets/fb,buckindex,5716846,100000000,2,1,0,0,0,0,0,0,0,0,1866,100,0,0,0,0,4,200000000,0.6,2,8388608



2.02401E+13,0.5,0.5,0,0,0,../datasets/fb,buckindex,5717002,100000000,2,1,0,0,0,0,0,0,0,0,1866,100,0,0,0,0,4,200000000,0.6,2,16777216
2.02401E+13,0.5,0.5,0,0,0,../datasets/fb,buckindex,5803576,100000000,2,1,0,0,0,0,0,0,0,0,1866,100,0,0,0,0,4,200000000,0.6,2,33554432
2.02401E+13,0.5,0.5,0,0,0,../datasets/fb,buckindex,3871494,100000000,3,1,0,0,0,0,0,0,0,0,1866,100,0,0,0,0,4,200000000,0.6,4,16384
2.02401E+13,0.5,0.5,0,0,0,../datasets/fb,buckindex,3885801,100000000,3,1,0,0,0,0,0,0,0,0,1866,100,0,0,0,0,4,200000000,0.6,4,32768
2.02401E+13,0.5,0.5,0,0,0,../datasets/fb,buckindex,4041035,100000000,3,1,0,0,0,0,0,0,0,0,1866,100,0,0,0,0,4,200000000,0.6,4,65536
2.02401E+13,0.5,0.5,0,0,0,../datasets/fb,buckindex,4512379,100000000,2,1,0,0,0,0,0,0,0,0,1866,100,0,0,0,0,4,200000000,0.6,4,131072
2.02401E+13,0.5,0.5,0,0,0,../datasets/fb,buckindex,4587302,100000000,2,1,0,0,0,0,0,0,0,0,1866,100,0,0,0,0,4,200000000,0.6,4,262144
2.02401E+13,0.5,0.5,0,0,0,../datasets/fb,buckindex,4756304,100000000,2,1,0,0,0,0,0,0,0,0,1866,100,0,0,0,0,4,200000000,0.6,4,524288
2.02401E+13,0.5,0.5,0,0,0,../datasets/fb,buckindex,4930404,100000000,2,1,0,0,0,0,0,0,0,0,1866,100,0,0,0,0,4,200000000,0.6,4,1048576
2.02401E+13,0.5,0.5,0,0,0,../datasets/fb,buckindex,5041386,100000000,2,1,0,0,0,0,0,0,0,0,1866,100,0,0,0,0,4,200000000,0.6,4,2097152
2.02401E+13,0.5,0.5,0,0,0,../datasets/fb,buckindex,5202837,100000000,2,1,0,0,0,0,0,0,0,0,1866,100,0,0,0,0,4,200000000,0.6,4,4194304
2.02401E+13,0.5,0.5,0,0,0,../datasets/fb,buckindex,5348356,100000000,2,1,0,0,0,0,0,0,0,0,1866,100,0,0,0,0,4,200000000,0.6,4,8388608



2.02401E+13,0.5,0.5,0,0,0,../datasets/fb,buckindex,5379117,100000000,2,1,0,0,0,0,0,0,0,0,1866,100,0,0,0,0,4,200000000,0.6,4,16777216
2.02401E+13,0.5,0.5,0,0,0,../datasets/fb,buckindex,5440887,100000000,2,1,0,0,0,0,0,0,0,0,1866,100,0,0,0,0,4,200000000,0.6,4,33554432
2.02401E+13,0.5,0.5,0,0,0,../datasets/fb,buckindex,3618429,100000000,3,1,0,0,0,0,0,0,0,0,1866,100,0,0,0,0,4,200000000,0.6,8,16384
2.02401E+13,0.5,0.5,0,0,0,../datasets/fb,buckindex,3706407,100000000,3,1,0,0,0,0,0,0,0,0,1866,100,0,0,0,0,4,200000000,0.6,8,32768
2.02401E+13,0.5,0.5,0,0,0,../datasets/fb,buckindex,3819614,100000000,3,1,0,0,0,0,0,0,0,0,1866,100,0,0,0,0,4,200000000,0.6,8,65536
2.02401E+13,0.5,0.5,0,0,0,../datasets/fb,buckindex,4295001,100000000,2,1,0,0,0,0,0,0,0,0,1866,100,0,0,0,0,4,200000000,0.6,8,131072
2.02401E+13,0.5,0.5,0,0,0,../datasets/fb,buckindex,4246623,100000000,2,1,0,0,0,0,0,0,0,0,1866,100,0,0,0,0,4,200000000,0.6,8,262144
2.02401E+13,0.5,0.5,0,0,0,../datasets/fb,buckindex,4469682,100000000,2,1,0,0,0,0,0,0,0,0,1866,100,0,0,0,0,4,200000000,0.6,8,524288
2.02401E+13,0.5,0.5,0,0,0,../datasets/fb,buckindex,4696108,100000000,2,1,0,0,0,0,0,0,0,0,1866,100,0,0,0,0,4,200000000,0.6,8,1048576
2.02401E+13,0.5,0.5,0,0,0,../datasets/fb,buckindex,4844438,100000000,2,1,0,0,0,0,0,0,0,0,1866,100,0,0,0,0,4,200000000,0.6,8,2097152
2.02401E+13,0.5,0.5,0,0,0,../datasets/fb,buckindex,4965232,100000000,2,1,0,0,0,0,0,0,0,0,1866,100,0,0,0,0,4,200000000,0.6,8,4194304
2.02401E+13,0.5,0.5,0,0,0,../datasets/fb,buckindex,5011159,100000000,2,1,0,0,0,0,0,0,0,0,1866,100,0,0,0,0,4,200000000,0.6,8,8388608



2.02401E+13,0.5,0.5,0,0,0,../datasets/fb,buckindex,4974048,100000000,2,1,0,0,0,0,0,0,0,0,1866,100,0,0,0,0,4,200000000,0.6,8,16777216
2.02401E+13,0.5,0.5,0,0,0,../datasets/fb,buckindex,5031471,100000000,2,1,0,0,0,0,0,0,0,0,1866,100,0,0,0,0,4,200000000,0.6,8,33554432
2.02401E+13,0.5,0.5,0,0,0,../datasets/fb,buckindex,3365424,100000000,3,1,0,0,0,0,0,0,0,0,1866,100,0,0,0,0,4,200000000,0.6,16,16384
2.02401E+13,0.5,0.5,0,0,0,../datasets/fb,buckindex,3475860,100000000,3,1,0,0,0,0,0,0,0,0,1866,100,0,0,0,0,4,200000000,0.6,16,32768
2.02401E+13,0.5,0.5,0,0,0,../datasets/fb,buckindex,3553736,100000000,3,1,0,0,0,0,0,0,0,0,1866,100,0,0,0,0,4,200000000,0.6,16,65536
2.02401E+13,0.5,0.5,0,0,0,../datasets/fb,buckindex,4002822,100000000,2,1,0,0,0,0,0,0,0,0,1866,100,0,0,0,0,4,200000000,0.6,16,131072
2.02401E+13,0.5,0.5,0,0,0,../datasets/fb,buckindex,4096872,100000000,2,1,0,0,0,0,0,0,0,0,1866,100,0,0,0,0,4,200000000,0.6,16,262144
2.02401E+13,0.5,0.5,0,0,0,../datasets/fb,buckindex,4216789,100000000,2,1,0,0,0,0,0,0,0,0,1866,100,0,0,0,0,4,200000000,0.6,16,524288
2.02401E+13,0.5,0.5,0,0,0,../datasets/fb,buckindex,4391234,100000000,2,1,0,0,0,0,0,0,0,0,1866,100,0,0,0,0,4,200000000,0.6,16,1048576
2.02401E+13,0.5,0.5,0,0,0,../datasets/fb,buckindex,4463292,100000000,2,1,0,0,0,0,0,0,0,0,1866,100,0,0,0,0,4,200000000,0.6,16,2097152
2.02401E+13,0.5,0.5,0,0,0,../datasets/fb,buckindex,4541866,100000000,2,1,0,0,0,0,0,0,0,0,1866,100,0,0,0,0,4,200000000,0.6,16,4194304
2.02401E+13,0.5,0.5,0,0,0,../datasets/fb,buckindex,4571221,100000000,2,1,0,0,0,0,0,0,0,0,1866,100,0,0,0,0,4,200000000,0.6,16,8388608



2.02401E+13,0.5,0.5,0,0,0,../datasets/fb,buckindex,4772133,100000000,2,1,0,0,0,0,0,0,0,0,1866,100,0,0,0,0,4,200000000,0.6,16,16777216
2.02401E+13,0.5,0.5,0,0,0,../datasets/fb,buckindex,4946222,100000000,2,1,0,0,0,0,0,0,0,0,1866,100,0,0,0,0,4,200000000,0.6,16,33554432
2.02401E+13,0.5,0.5,0,0,0,../datasets/fb,buckindex,2720797,100000000,3,1,0,0,0,0,0,0,0,0,1866,100,0,0,0,0,4,200000000,0.6,32,16384
2.02401E+13,0.5,0.5,0,0,0,../datasets/fb,buckindex,2855840,100000000,3,1,0,0,0,0,0,0,0,0,1866,100,0,0,0,0,4,200000000,0.6,32,32768
2.02401E+13,0.5,0.5,0,0,0,../datasets/fb,buckindex,2990867,100000000,3,1,0,0,0,0,0,0,0,0,1866,100,0,0,0,0,4,200000000,0.6,32,65536
2.02401E+13,0.5,0.5,0,0,0,../datasets/fb,buckindex,3505724,100000000,2,1,0,0,0,0,0,0,0,0,1866,100,0,0,0,0,4,200000000,0.6,32,131072
2.02401E+13,0.5,0.5,0,0,0,../datasets/fb,buckindex,3537020,100000000,2,1,0,0,0,0,0,0,0,0,1866,100,0,0,0,0,4,200000000,0.6,32,262144
2.02401E+13,0.5,0.5,0,0,0,../datasets/fb,buckindex,3604709,100000000,2,1,0,0,0,0,0,0,0,0,1866,100,0,0,0,0,4,200000000,0.6,32,524288
2.02401E+13,0.5,0.5,0,0,0,../datasets/fb,buckindex,3804385,100000000,2,1,0,0,0,0,0,0,0,0,1866,100,0,0,0,0,4,200000000,0.6,32,1048576
2.02401E+13,0.5,0.5,0,0,0,../datasets/fb,buckindex,3913457,100000000,2,1,0,0,0,0,0,0,0,0,1866,100,0,0,0,0,4,200000000,0.6,32,2097152
2.02401E+13,0.5,0.5,0,0,0,../datasets/fb,buckindex,3841797,100000000,2,1,0,0,0,0,0,0,0,0,1866,100,0,0,0,0,4,200000000,0.6,32,4194304
2.02401E+13,0.5,0.5,0,0,0,../datasets/fb,buckindex,3961616,100000000,2,1,0,0,0,0,0,0,0,0,1866,100,0,0,0,0,4,200000000,0.6,32,8388608



2.02401E+13,0.5,0.5,0,0,0,../datasets/fb,buckindex,4505159,100000000,2,1,0,0,0,0,0,0,0,0,1866,100,0,0,0,0,4,200000000,0.6,32,16777216
2.02401E+13,0.5,0.5,0,0,0,../datasets/fb,buckindex,4659126,100000000,2,1,0,0,0,0,0,0,0,0,1866,100,0,0,0,0,4,200000000,0.6,32,33554432
2.02401E+13,0.5,0.5,0,0,0,../datasets/osm,buckindex,3198048,100000000,5,1,0,0,0,0,0,0,0,0,1866,100,0,0,0,0,4,200000000,0.6,1,16384
2.02401E+13,0.5,0.5,0,0,0,../datasets/osm,buckindex,3158601,100000000,5,1,0,0,0,0,0,0,0,0,1866,100,0,0,0,0,4,200000000,0.6,1,32768
2.02401E+13,0.5,0.5,0,0,0,../datasets/osm,buckindex,3535343,100000000,4,1,0,0,0,0,0,0,0,0,1866,100,0,0,0,0,4,200000000,0.6,1,65536
2.02401E+13,0.5,0.5,0,0,0,../datasets/osm,buckindex,3621478,100000000,4,1,0,0,0,0,0,0,0,0,1866,100,0,0,0,0,4,200000000,0.6,1,131072
2.02401E+13,0.5,0.5,0,0,0,../datasets/osm,buckindex,3706435,100000000,4,1,0,0,0,0,0,0,0,0,1866,100,0,0,0,0,4,200000000,0.6,1,262144
2.02401E+13,0.5,0.5,0,0,0,../datasets/osm,buckindex,3896160,100000000,4,1,0,0,0,0,0,0,0,0,1866,100,0,0,0,0,4,200000000,0.6,1,524288
2.02401E+13,0.5,0.5,0,0,0,../datasets/osm,buckindex,4324146,100000000,3,1,0,0,0,0,0,0,0,0,1866,100,0,0,0,0,4,200000000,0.6,1,1048576
2.02401E+13,0.5,0.5,0,0,0,../datasets/osm,buckindex,4480405,100000000,3,1,0,0,0,0,0,0,0,0,1866,100,0,0,0,0,4,200000000,0.6,1,2097152
2.02401E+13,0.5,0.5,0,0,0,../datasets/osm,buckindex,4676624,100000000,3,1,0,0,0,0,0,0,0,0,1866,100,0,0,0,0,4,200000000,0.6,1,4194304
2.02401E+13,0.5,0.5,0,0,0,../datasets/osm,buckindex,4845467,100000000,3,1,0,0,0,0,0,0,0,0,1866,100,0,0,0,0,4,200000000,0.6,1,8388608



2.02401E+13,0.5,0.5,0,0,0,../datasets/osm,buckindex,5640049,100000000,2,1,0,0,0,0,0,0,0,0,1866,100,0,0,0,0,4,200000000,0.6,1,16777216
2.02401E+13,0.5,0.5,0,0,0,../datasets/osm,buckindex,5766979,100000000,2,1,0,0,0,0,0,0,0,0,1866,100,0,0,0,0,4,200000000,0.6,1,33554432
2.02401E+13,0.5,0.5,0,0,0,../datasets/osm,buckindex,3132727,100000000,5,1,0,0,0,0,0,0,0,0,1866,100,0,0,0,0,4,200000000,0.6,2,16384
2.02401E+13,0.5,0.5,0,0,0,../datasets/osm,buckindex,3159452,100000000,5,1,0,0,0,0,0,0,0,0,1866,100,0,0,0,0,4,200000000,0.6,2,32768
2.02401E+13,0.5,0.5,0,0,0,../datasets/osm,buckindex,3474895,100000000,4,1,0,0,0,0,0,0,0,0,1866,100,0,0,0,0,4,200000000,0.6,2,65536
2.02401E+13,0.5,0.5,0,0,0,../datasets/osm,buckindex,3510734,100000000,4,1,0,0,0,0,0,0,0,0,1866,100,0,0,0,0,4,200000000,0.6,2,131072
2.02401E+13,0.5,0.5,0,0,0,../datasets/osm,buckindex,3634767,100000000,4,1,0,0,0,0,0,0,0,0,1866,100,0,0,0,0,4,200000000,0.6,2,262144
2.02401E+13,0.5,0.5,0,0,0,../datasets/osm,buckindex,3852646,100000000,4,1,0,0,0,0,0,0,0,0,1866,100,0,0,0,0,4,200000000,0.6,2,524288
2.02401E+13,0.5,0.5,0,0,0,../datasets/osm,buckindex,4219208,100000000,3,1,0,0,0,0,0,0,0,0,1866,100,0,0,0,0,4,200000000,0.6,2,1048576
2.02401E+13,0.5,0.5,0,0,0,../datasets/osm,buckindex,4478040,100000000,3,1,0,0,0,0,0,0,0,0,1866,100,0,0,0,0,4,200000000,0.6,2,2097152
2.02401E+13,0.5,0.5,0,0,0,../datasets/osm,buckindex,4597813,100000000,3,1,0,0,0,0,0,0,0,0,1866,100,0,0,0,0,4,200000000,0.6,2,4194304
2.02401E+13,0.5,0.5,0,0,0,../datasets/osm,buckindex,4627086,100000000,3,1,0,0,0,0,0,0,0,0,1866,100,0,0,0,0,4,200000000,0.6,2,8388608



2.02401E+13,0.5,0.5,0,0,0,../datasets/osm,buckindex,5521448,100000000,2,1,0,0,0,0,0,0,0,0,1866,100,0,0,0,0,4,200000000,0.6,2,16777216
2.02401E+13,0.5,0.5,0,0,0,../datasets/osm,buckindex,5716882,100000000,2,1,0,0,0,0,0,0,0,0,1866,100,0,0,0,0,4,200000000,0.6,2,33554432
2.02401E+13,0.5,0.5,0,0,0,../datasets/osm,buckindex,3035838,100000000,5,1,0,0,0,0,0,0,0,0,1866,100,0,0,0,0,4,200000000,0.6,4,16384
2.02401E+13,0.5,0.5,0,0,0,../datasets/osm,buckindex,3080651,100000000,5,1,0,0,0,0,0,0,0,0,1866,100,0,0,0,0,4,200000000,0.6,4,32768
2.02401E+13,0.5,0.5,0,0,0,../datasets/osm,buckindex,3343325,100000000,4,1,0,0,0,0,0,0,0,0,1866,100,0,0,0,0,4,200000000,0.6,4,65536
2.02401E+13,0.5,0.5,0,0,0,../datasets/osm,buckindex,3424743,100000000,4,1,0,0,0,0,0,0,0,0,1866,100,0,0,0,0,4,200000000,0.6,4,131072
2.02401E+13,0.5,0.5,0,0,0,../datasets/osm,buckindex,3554280,100000000,4,1,0,0,0,0,0,0,0,0,1866,100,0,0,0,0,4,200000000,0.6,4,262144
2.02401E+13,0.5,0.5,0,0,0,../datasets/osm,buckindex,3771342,100000000,4,1,0,0,0,0,0,0,0,0,1866,100,0,0,0,0,4,200000000,0.6,4,524288
2.02401E+13,0.5,0.5,0,0,0,../datasets/osm,buckindex,4150222,100000000,3,1,0,0,0,0,0,0,0,0,1866,100,0,0,0,0,4,200000000,0.6,4,1048576
2.02401E+13,0.5,0.5,0,0,0,../datasets/osm,buckindex,4332523,100000000,3,1,0,0,0,0,0,0,0,0,1866,100,0,0,0,0,4,200000000,0.6,4,2097152
2.02401E+13,0.5,0.5,0,0,0,../datasets/osm,buckindex,4524366,100000000,3,1,0,0,0,0,0,0,0,0,1866,100,0,0,0,0,4,200000000,0.6,4,4194304
2.02401E+13,0.5,0.5,0,0,0,../datasets/osm,buckindex,4456872,100000000,3,1,0,0,0,0,0,0,0,0,1866,100,0,0,0,0,4,200000000,0.6,4,8388608



2.02401E+13,0.5,0.5,0,0,0,../datasets/osm,buckindex,5234174,100000000,2,1,0,0,0,0,0,0,0,0,1866,100,0,0,0,0,4,200000000,0.6,4,16777216
2.02401E+13,0.5,0.5,0,0,0,../datasets/osm,buckindex,5448673,100000000,2,1,0,0,0,0,0,0,0,0,1866,100,0,0,0,0,4,200000000,0.6,4,33554432
2.02401E+13,0.5,0.5,0,0,0,../datasets/osm,buckindex,2655115,100000000,5,1,0,0,0,0,0,0,0,0,1866,100,0,0,0,0,4,200000000,0.6,8,16384
2.02401E+13,0.5,0.5,0,0,0,../datasets/osm,buckindex,2687884,100000000,5,1,0,0,0,0,0,0,0,0,1866,100,0,0,0,0,4,200000000,0.6,8,32768
2.02401E+13,0.5,0.5,0,0,0,../datasets/osm,buckindex,2946595,100000000,4,1,0,0,0,0,0,0,0,0,1866,100,0,0,0,0,4,200000000,0.6,8,65536
2.02401E+13,0.5,0.5,0,0,0,../datasets/osm,buckindex,3090185,100000000,4,1,0,0,0,0,0,0,0,0,1866,100,0,0,0,0,4,200000000,0.6,8,131072
2.02401E+13,0.5,0.5,0,0,0,../datasets/osm,buckindex,3198279,100000000,4,1,0,0,0,0,0,0,0,0,1866,100,0,0,0,0,4,200000000,0.6,8,262144
2.02401E+13,0.5,0.5,0,0,0,../datasets/osm,buckindex,3413967,100000000,4,1,0,0,0,0,0,0,0,0,1866,100,0,0,0,0,4,200000000,0.6,8,524288
2.02401E+13,0.5,0.5,0,0,0,../datasets/osm,buckindex,3829229,100000000,3,1,0,0,0,0,0,0,0,0,1866,100,0,0,0,0,4,200000000,0.6,8,1048576
2.02401E+13,0.5,0.5,0,0,0,../datasets/osm,buckindex,4147846,100000000,3,1,0,0,0,0,0,0,0,0,1866,100,0,0,0,0,4,200000000,0.6,8,2097152
2.02401E+13,0.5,0.5,0,0,0,../datasets/osm,buckindex,4308426,100000000,3,1,0,0,0,0,0,0,0,0,1866,100,0,0,0,0,4,200000000,0.6,8,4194304
2.02401E+13,0.5,0.5,0,0,0,../datasets/osm,buckindex,4498008,100000000,3,1,0,0,0,0,0,0,0,0,1866,100,0,0,0,0,4,200000000,0.6,8,8388608



2.02401E+13,0.5,0.5,0,0,0,../datasets/osm,buckindex,5116082,100000000,2,1,0,0,0,0,0,0,0,0,1866,100,0,0,0,0,4,200000000,0.6,8,16777216
2.02401E+13,0.5,0.5,0,0,0,../datasets/osm,buckindex,5102011,100000000,2,1,0,0,0,0,0,0,0,0,1866,100,0,0,0,0,4,200000000,0.6,8,33554432
2.02401E+13,0.5,0.5,0,0,0,../datasets/osm,buckindex,2370321,100000000,5,1,0,0,0,0,0,0,0,0,1866,100,0,0,0,0,4,200000000,0.6,16,16384
2.02401E+13,0.5,0.5,0,0,0,../datasets/osm,buckindex,2423190,100000000,5,1,0,0,0,0,0,0,0,0,1866,100,0,0,0,0,4,200000000,0.6,16,32768
2.02401E+13,0.5,0.5,0,0,0,../datasets/osm,buckindex,2695011,100000000,4,1,0,0,0,0,0,0,0,0,1866,100,0,0,0,0,4,200000000,0.6,16,65536
2.02401E+13,0.5,0.5,0,0,0,../datasets/osm,buckindex,2791656,100000000,4,1,0,0,0,0,0,0,0,0,1866,100,0,0,0,0,4,200000000,0.6,16,131072
2.02401E+13,0.5,0.5,0,0,0,../datasets/osm,buckindex,2915503,100000000,4,1,0,0,0,0,0,0,0,0,1866,100,0,0,0,0,4,200000000,0.6,16,262144
2.02401E+13,0.5,0.5,0,0,0,../datasets/osm,buckindex,3135366,100000000,4,1,0,0,0,0,0,0,0,0,1866,100,0,0,0,0,4,200000000,0.6,16,524288
2.02401E+13,0.5,0.5,0,0,0,../datasets/osm,buckindex,3623465,100000000,3,1,0,0,0,0,0,0,0,0,1866,100,0,0,0,0,4,200000000,0.6,16,1048576
2.02401E+13,0.5,0.5,0,0,0,../datasets/osm,buckindex,3843480,100000000,3,1,0,0,0,0,0,0,0,0,1866,100,0,0,0,0,4,200000000,0.6,16,2097152
2.02401E+13,0.5,0.5,0,0,0,../datasets/osm,buckindex,4006193,100000000,3,1,0,0,0,0,0,0,0,0,1866,100,0,0,0,0,4,200000000,0.6,16,4194304
2.02401E+13,0.5,0.5,0,0,0,../datasets/osm,buckindex,4212978,100000000,3,1,0,0,0,0,0,0,0,0,1866,100,0,0,0,0,4,200000000,0.6,16,8388608



2.02401E+13,0.5,0.5,0,0,0,../datasets/osm,buckindex,4822555,100000000,2,1,0,0,0,0,0,0,0,0,1866,100,0,0,0,0,4,200000000,0.6,16,16777216
2.02401E+13,0.5,0.5,0,0,0,../datasets/osm,buckindex,5079240,100000000,2,1,0,0,0,0,0,0,0,0,1866,100,0,0,0,0,4,200000000,0.6,16,33554432
2.02401E+13,0.5,0.5,0,0,0,../datasets/osm,buckindex,1963061,100000000,5,1,0,0,0,0,0,0,0,0,1866,100,0,0,0,0,4,200000000,0.6,32,16384
2.02401E+13,0.5,0.5,0,0,0,../datasets/osm,buckindex,2024094,100000000,5,1,0,0,0,0,0,0,0,0,1866,100,0,0,0,0,4,200000000,0.6,32,32768
2.02401E+13,0.5,0.5,0,0,0,../datasets/osm,buckindex,2253582,100000000,4,1,0,0,0,0,0,0,0,0,1866,100,0,0,0,0,4,200000000,0.6,32,65536
2.02401E+13,0.5,0.5,0,0,0,../datasets/osm,buckindex,2335801,100000000,4,1,0,0,0,0,0,0,0,0,1866,100,0,0,0,0,4,200000000,0.6,32,131072
2.02401E+13,0.5,0.5,0,0,0,../datasets/osm,buckindex,2401346,100000000,4,1,0,0,0,0,0,0,0,0,1866,100,0,0,0,0,4,200000000,0.6,32,262144
2.02401E+13,0.5,0.5,0,0,0,../datasets/osm,buckindex,2470904,100000000,4,1,0,0,0,0,0,0,0,0,1866,100,0,0,0,0,4,200000000,0.6,32,524288
2.02401E+13,0.5,0.5,0,0,0,../datasets/osm,buckindex,3009840,100000000,3,1,0,0,0,0,0,0,0,0,1866,100,0,0,0,0,4,200000000,0.6,32,1048576
2.02401E+13,0.5,0.5,0,0,0,../datasets/osm,buckindex,3366324,100000000,3,1,0,0,0,0,0,0,0,0,1866,100,0,0,0,0,4,200000000,0.6,32,2097152
2.02401E+13,0.5,0.5,0,0,0,../datasets/osm,buckindex,3591450,100000000,3,1,0,0,0,0,0,0,0,0,1866,100,0,0,0,0,4,200000000,0.6,32,4194304
2.02401E+13,0.5,0.5,0,0,0,../datasets/osm,buckindex,3816538,100000000,3,1,0,0,0,0,0,0,0,0,1866,100,0,0,0,0,4,200000000,0.6,32,8388608



2.02401E+13,0.5,0.5,0,0,0,../datasets/osm,buckindex,4540353,100000000,2,1,0,0,0,0,0,0,0,0,1866,100,0,0,0,0,4,200000000,0.6,32,16777216
2.02401E+13,0.5,0.5,0,0,0,../datasets/osm,buckindex,4673543,100000000,2,1,0,0,0,0,0,0,0,0,1866,100,0,0,0,0,4,200000000,0.6,32,33554432
2.02401E+13,0.5,0.5,0,0,0,../datasets/books,buckindex,4067408,100000000,3,1,0,0,0,0,0,0,0,0,1866,100,0,0,0,0,4,200000000,0.6,1,16384
2.02401E+13,0.5,0.5,0,0,0,../datasets/books,buckindex,4051971,100000000,3,1,0,0,0,0,0,0,0,0,1866,100,0,0,0,0,4,200000000,0.6,1,32768
2.02401E+13,0.5,0.5,0,0,0,../datasets/books,buckindex,4036575,100000000,3,1,0,0,0,0,0,0,0,0,1866,100,0,0,0,0,4,200000000,0.6,1,65536
2.02401E+13,0.5,0.5,0,0,0,../datasets/books,buckindex,4088272,100000000,3,1,0,0,0,0,0,0,0,0,1866,100,0,0,0,0,4,200000000,0.6,1,131072
2.02401E+13,0.5,0.5,0,0,0,../datasets/books,buckindex,4214765,100000000,3,1,0,0,0,0,0,0,0,0,1866,100,0,0,0,0,4,200000000,0.6,1,262144
2.02401E+13,0.5,0.5,0,0,0,../datasets/books,buckindex,4452529,100000000,3,1,0,0,0,0,0,0,0,0,1866,100,0,0,0,0,4,200000000,0.6,1,524288
2.02401E+13,0.5,0.5,0,0,0,../datasets/books,buckindex,4630659,100000000,3,1,0,0,0,0,0,0,0,0,1866,100,0,0,0,0,4,200000000,0.6,1,1048576
2.02401E+13,0.5,0.5,0,0,0,../datasets/books,buckindex,4794477,100000000,3,1,0,0,0,0,0,0,0,0,1866,100,0,0,0,0,4,200000000,0.6,1,2097152
2.02401E+13,0.5,0.5,0,0,0,../datasets/books,buckindex,4902390,100000000,3,1,0,0,0,0,0,0,0,0,1866,100,0,0,0,0,4,200000000,0.6,1,4194304
2.02401E+13,0.5,0.5,0,0,0,../datasets/books,buckindex,4943942,100000000,3,1,0,0,0,0,0,0,0,0,1866,100,0,0,0,0,4,200000000,0.6,1,8388608



2.02401E+13,0.5,0.5,0,0,0,../datasets/books,buckindex,5783844,100000000,2,1,0,0,0,0,0,0,0,0,1866,100,0,0,0,0,4,200000000,0.6,1,16777216
2.02401E+13,0.5,0.5,0,0,0,../datasets/books,buckindex,5691354,100000000,2,1,0,0,0,0,0,0,0,0,1866,100,0,0,0,0,4,200000000,0.6,1,33554432
2.02401E+13,0.5,0.5,0,0,0,../datasets/books,buckindex,3941976,100000000,3,1,0,0,0,0,0,0,0,0,1866,100,0,0,0,0,4,200000000,0.6,2,16384
2.02401E+13,0.5,0.5,0,0,0,../datasets/books,buckindex,3907978,100000000,3,1,0,0,0,0,0,0,0,0,1866,100,0,0,0,0,4,200000000,0.6,2,32768
2.02401E+13,0.5,0.5,0,0,0,../datasets/books,buckindex,3971570,100000000,3,1,0,0,0,0,0,0,0,0,1866,100,0,0,0,0,4,200000000,0.6,2,65536
2.02401E+13,0.5,0.5,0,0,0,../datasets/books,buckindex,3712041,100000000,3,1,0,0,0,0,0,0,0,0,1866,100,0,0,0,0,4,200000000,0.6,2,131072
2.02401E+13,0.5,0.5,0,0,0,../datasets/books,buckindex,4164834,100000000,3,1,0,0,0,0,0,0,0,0,1866,100,0,0,0,0,4,200000000,0.6,2,262144
2.02401E+13,0.5,0.5,0,0,0,../datasets/books,buckindex,4275315,100000000,3,1,0,0,0,0,0,0,0,0,1866,100,0,0,0,0,4,200000000,0.6,2,524288
2.02401E+13,0.5,0.5,0,0,0,../datasets/books,buckindex,4442034,100000000,3,1,0,0,0,0,0,0,0,0,1866,100,0,0,0,0,4,200000000,0.6,2,1048576
2.02401E+13,0.5,0.5,0,0,0,../datasets/books,buckindex,4685805,100000000,3,1,0,0,0,0,0,0,0,0,1866,100,0,0,0,0,4,200000000,0.6,2,2097152
2.02401E+13,0.5,0.5,0,0,0,../datasets/books,buckindex,4792479,100000000,3,1,0,0,0,0,0,0,0,0,1866,100,0,0,0,0,4,200000000,0.6,2,4194304
2.02401E+13,0.5,0.5,0,0,0,../datasets/books,buckindex,4898110,100000000,3,1,0,0,0,0,0,0,0,0,1866,100,0,0,0,0,4,200000000,0.6,2,8388608



2.02401E+13,0.5,0.5,0,0,0,../datasets/books,buckindex,5580522,100000000,2,1,0,0,0,0,0,0,0,0,1866,100,0,0,0,0,4,200000000,0.6,2,16777216
2.02401E+13,0.5,0.5,0,0,0,../datasets/books,buckindex,5802535,100000000,2,1,0,0,0,0,0,0,0,0,1866,100,0,0,0,0,4,200000000,0.6,2,33554432
2.02401E+13,0.5,0.5,0,0,0,../datasets/books,buckindex,3928353,100000000,3,1,0,0,0,0,0,0,0,0,1866,100,0,0,0,0,4,200000000,0.6,4,16384
2.02401E+13,0.5,0.5,0,0,0,../datasets/books,buckindex,3941043,100000000,3,1,0,0,0,0,0,0,0,0,1866,100,0,0,0,0,4,200000000,0.6,4,32768
2.02401E+13,0.5,0.5,0,0,0,../datasets/books,buckindex,3951556,100000000,3,1,0,0,0,0,0,0,0,0,1866,100,0,0,0,0,4,200000000,0.6,4,65536
2.02401E+13,0.5,0.5,0,0,0,../datasets/books,buckindex,3896824,100000000,3,1,0,0,0,0,0,0,0,0,1866,100,0,0,0,0,4,200000000,0.6,4,131072
2.02401E+13,0.5,0.5,0,0,0,../datasets/books,buckindex,4033083,100000000,3,1,0,0,0,0,0,0,0,0,1866,100,0,0,0,0,4,200000000,0.6,4,262144
2.02401E+13,0.5,0.5,0,0,0,../datasets/books,buckindex,4226916,100000000,3,1,0,0,0,0,0,0,0,0,1866,100,0,0,0,0,4,200000000,0.6,4,524288
2.02401E+13,0.5,0.5,0,0,0,../datasets/books,buckindex,4387052,100000000,3,1,0,0,0,0,0,0,0,0,1866,100,0,0,0,0,4,200000000,0.6,4,1048576
2.02401E+13,0.5,0.5,0,0,0,../datasets/books,buckindex,4521837,100000000,3,1,0,0,0,0,0,0,0,0,1866,100,0,0,0,0,4,200000000,0.6,4,2097152
2.02401E+13,0.5,0.5,0,0,0,../datasets/books,buckindex,4607012,100000000,3,1,0,0,0,0,0,0,0,0,1866,100,0,0,0,0,4,200000000,0.6,4,4194304
2.02401E+13,0.5,0.5,0,0,0,../datasets/books,buckindex,4751660,100000000,3,1,0,0,0,0,0,0,0,0,1866,100,0,0,0,0,4,200000000,0.6,4,8388608



2.02401E+13,0.5,0.5,0,0,0,../datasets/books,buckindex,5250616,100000000,2,1,0,0,0,0,0,0,0,0,1866,100,0,0,0,0,4,200000000,0.6,4,16777216
2.02401E+13,0.5,0.5,0,0,0,../datasets/books,buckindex,5597996,100000000,2,1,0,0,0,0,0,0,0,0,1866,100,0,0,0,0,4,200000000,0.6,4,33554432
2.02401E+13,0.5,0.5,0,0,0,../datasets/books,buckindex,3718249,100000000,3,1,0,0,0,0,0,0,0,0,1866,100,0,0,0,0,4,200000000,0.6,8,16384
2.02401E+13,0.5,0.5,0,0,0,../datasets/books,buckindex,3636318,100000000,3,1,0,0,0,0,0,0,0,0,1866,100,0,0,0,0,4,200000000,0.6,8,32768
2.02401E+13,0.5,0.5,0,0,0,../datasets/books,buckindex,3743568,100000000,3,1,0,0,0,0,0,0,0,0,1866,100,0,0,0,0,4,200000000,0.6,8,65536
2.02401E+13,0.5,0.5,0,0,0,../datasets/books,buckindex,3763852,100000000,3,1,0,0,0,0,0,0,0,0,1866,100,0,0,0,0,4,200000000,0.6,8,131072
2.02401E+13,0.5,0.5,0,0,0,../datasets/books,buckindex,3753620,100000000,3,1,0,0,0,0,0,0,0,0,1866,100,0,0,0,0,4,200000000,0.6,8,262144
2.02401E+13,0.5,0.5,0,0,0,../datasets/books,buckindex,3916798,100000000,3,1,0,0,0,0,0,0,0,0,1866,100,0,0,0,0,4,200000000,0.6,8,524288
2.02401E+13,0.5,0.5,0,0,0,../datasets/books,buckindex,4040558,100000000,3,1,0,0,0,0,0,0,0,0,1866,100,0,0,0,0,4,200000000,0.6,8,1048576
2.02401E+13,0.5,0.5,0,0,0,../datasets/books,buckindex,4199550,100000000,3,1,0,0,0,0,0,0,0,0,1866,100,0,0,0,0,4,200000000,0.6,8,2097152
2.02401E+13,0.5,0.5,0,0,0,../datasets/books,buckindex,4379033,100000000,3,1,0,0,0,0,0,0,0,0,1866,100,0,0,0,0,4,200000000,0.6,8,4194304
2.02401E+13,0.5,0.5,0,0,0,../datasets/books,buckindex,4460733,100000000,3,1,0,0,0,0,0,0,0,0,1866,100,0,0,0,0,4,200000000,0.6,8,8388608



2.02401E+13,0.5,0.5,0,0,0,../datasets/books,buckindex,5044921,100000000,2,1,0,0,0,0,0,0,0,0,1866,100,0,0,0,0,4,200000000,0.6,8,16777216
2.02401E+13,0.5,0.5,0,0,0,../datasets/books,buckindex,5144671,100000000,2,1,0,0,0,0,0,0,0,0,1866,100,0,0,0,0,4,200000000,0.6,8,33554432
2.02401E+13,0.5,0.5,0,0,0,../datasets/books,buckindex,3362961,100000000,3,1,0,0,0,0,0,0,0,0,1866,100,0,0,0,0,4,200000000,0.6,16,16384
2.02401E+13,0.5,0.5,0,0,0,../datasets/books,buckindex,3386577,100000000,3,1,0,0,0,0,0,0,0,0,1866,100,0,0,0,0,4,200000000,0.6,16,32768
2.02401E+13,0.5,0.5,0,0,0,../datasets/books,buckindex,3349142,100000000,3,1,0,0,0,0,0,0,0,0,1866,100,0,0,0,0,4,200000000,0.6,16,65536
2.02401E+13,0.5,0.5,0,0,0,../datasets/books,buckindex,3409054,100000000,3,1,0,0,0,0,0,0,0,0,1866,100,0,0,0,0,4,200000000,0.6,16,131072
2.02401E+13,0.5,0.5,0,0,0,../datasets/books,buckindex,3461585,100000000,3,1,0,0,0,0,0,0,0,0,1866,100,0,0,0,0,4,200000000,0.6,16,262144
2.02401E+13,0.5,0.5,0,0,0,../datasets/books,buckindex,3609358,100000000,3,1,0,0,0,0,0,0,0,0,1866,100,0,0,0,0,4,200000000,0.6,16,524288
2.02401E+13,0.5,0.5,0,0,0,../datasets/books,buckindex,3746555,100000000,3,1,0,0,0,0,0,0,0,0,1866,100,0,0,0,0,4,200000000,0.6,16,1048576
2.02401E+13,0.5,0.5,0,0,0,../datasets/books,buckindex,3923990,100000000,3,1,0,0,0,0,0,0,0,0,1866,100,0,0,0,0,4,200000000,0.6,16,2097152
2.02401E+13,0.5,0.5,0,0,0,../datasets/books,buckindex,4049125,100000000,3,1,0,0,0,0,0,0,0,0,1866,100,0,0,0,0,4,200000000,0.6,16,4194304
2.02401E+13,0.5,0.5,0,0,0,../datasets/books,buckindex,4178352,100000000,3,1,0,0,0,0,0,0,0,0,1866,100,0,0,0,0,4,200000000,0.6,16,8388608



2.02401E+13,0.5,0.5,0,0,0,../datasets/books,buckindex,4827406,100000000,2,1,0,0,0,0,0,0,0,0,1866,100,0,0,0,0,4,200000000,0.6,16,16777216
2.02401E+13,0.5,0.5,0,0,0,../datasets/books,buckindex,4999567,100000000,2,1,0,0,0,0,0,0,0,0,1866,100,0,0,0,0,4,200000000,0.6,16,33554432
2.02401E+13,0.5,0.5,0,0,0,../datasets/books,buckindex,2564973,100000000,3,1,0,0,0,0,0,0,0,0,1866,100,0,0,0,0,4,200000000,0.6,32,16384
2.02401E+13,0.5,0.5,0,0,0,../datasets/books,buckindex,2701674,100000000,3,1,0,0,0,0,0,0,0,0,1866,100,0,0,0,0,4,200000000,0.6,32,32768
2.02401E+13,0.5,0.5,0,0,0,../datasets/books,buckindex,2720572,100000000,3,1,0,0,0,0,0,0,0,0,1866,100,0,0,0,0,4,200000000,0.6,32,65536
2.02401E+13,0.5,0.5,0,0,0,../datasets/books,buckindex,2776724,100000000,3,1,0,0,0,0,0,0,0,0,1866,100,0,0,0,0,4,200000000,0.6,32,131072
2.02401E+13,0.5,0.5,0,0,0,../datasets/books,buckindex,2822171,100000000,3,1,0,0,0,0,0,0,0,0,1866,100,0,0,0,0,4,200000000,0.6,32,262144
2.02401E+13,0.5,0.5,0,0,0,../datasets/books,buckindex,2913869,100000000,3,1,0,0,0,0,0,0,0,0,1866,100,0,0,0,0,4,200000000,0.6,32,524288
2.02401E+13,0.5,0.5,0,0,0,../datasets/books,buckindex,2992755,100000000,3,1,0,0,0,0,0,0,0,0,1866,100,0,0,0,0,4,200000000,0.6,32,1048576
2.02401E+13,0.5,0.5,0,0,0,../datasets/books,buckindex,3374715,100000000,3,1,0,0,0,0,0,0,0,0,1866,100,0,0,0,0,4,200000000,0.6,32,2097152
2.02401E+13,0.5,0.5,0,0,0,../datasets/books,buckindex,3473142,100000000,3,1,0,0,0,0,0,0,0,0,1866,100,0,0,0,0,4,200000000,0.6,32,4194304
2.02401E+13,0.5,0.5,0,0,0,../datasets/books,buckindex,3455264,100000000,3,1,0,0,0,0,0,0,0,0,1866,100,0,0,0,0,4,200000000,0.6,32,8388608



2.02401E+13,0.5,0.5,0,0,0,../datasets/books,buckindex,4542007,100000000,2,1,0,0,0,0,0,0,0,0,1866,100,0,0,0,0,4,200000000,0.6,32,16777216
2.02401E+13,0.5,0.5,0,0,0,../datasets/books,buckindex,4679640,100000000,2,1,0,0,0,0,0,0,0,0,1866,100,0,0,0,0,4,200000000,0.6,32,33554432